Time (s),T_outer (C),T_inner (C),T_avg (C),Input Temperature (C)
0,400.0,400.0,400.0,400.0
10,400.0,400.0,400.0,400.0
20,400.0,400.0,400.0,400.0
30,400.0,400.0,400.0,400.0
40,400.0,400.0,400.0,400.0
50,400.0,400.0,400.0,400.0
60,400.0,400.0,400.0,400.0
70,400.0,400.0,400.0,400.0
80,400.0,400.0,400.0,400.0
90,400.0,400.0,400.0,400.0
100,400.0,400.0,400.0,400.0
110,400.0,400.0,400.0,400.0
120,400.0,400.0,400.0,400.0
130,400.0,400.0,400.0,400.0
140,400.0,400.0,400.0,400.0
150,400.0,400.0,400.0,400.0
160,400.0,400.0,400.0,400.0
170,400.0,400.0,400.0,400.0
180,400.0,400.0,400.0,400.0
190,400.0,400.0,400.0,400.0
200,400.0,400.0,400.0,400.0
210,400.0,400.0,400.0,400.0
220,400.0,400.0,400.0,400.0
230,400.0,400.0,400.0,400.0
240,400.0,400.0,400.0,400.0
250,400.0,400.0,400.0,400.0
260,400.0,400.0,400.0,400.0
270,400.0,400.0,400.0,400.0
280,400.0,400.0,400.0,400.0
290,400.0,400.0,400.0,400.0
300,400.0,400.0,400.0,400.0
310,400.0,400.0,400.0,400.0
320,400.0,400.0,400.0,400.0
330,400.0,400.0,400.0,400.0
340,400.0,400.0,400.0,400.0
350,400.0,400.0,400.0,400.0
360,400.0,400.0,400.0,400.0
370,400.0,400.0,400.0,400.0
380,400.0,400.0,400.0,400.0
390,400.0,400.0,400.0,400.0
400,400.0,400.0,400.0,400.0
410,400.0,400.0,400.0,400.0
420,400.0,400.0,400.0,400.0
430,400.0,400.0,400.0,400.0
440,400.0,400.0,400.0,400.0
450,400.0,400.0,400.0,400.0
460,400.0,400.0,400.0,400.0
470,400.0,400.0,400.0,400.0
480,400.0,400.0,400.0,400.0
490,400.0,400.0,400.0,400.0
500,400.0,400.0,400.0,400.0
510,400.0,400.0,400.0,400.0
520,400.0,400.0,400.0,400.0
530,400.0,400.0,400.0,400.0
540,400.0,400.0,400.0,400.0
550,400.0,400.0,400.0,400.0
560,400.0,400.0,400.0,400.0
570,400.0,400.0,400.0,400.0
580,400.0,400.0,400.0,400.0
590,400.0,400.0,400.0,400.0
600,400.0,400.0,400.0,400.0
610,400.0,400.0,400.0,400.0
620,400.0,400.0,400.0,400.0
630,400.0,400.0,400.0,400.0
640,400.0,400.0,400.0,400.0
650,400.0,400.0,400.0,400.0
660,400.0,400.0,400.0,400.0
670,400.0,400.0,400.0,400.0
680,400.0,400.0,400.0,400.0
690,400.0,400.0,400.0,400.0
700,400.0,400.0,400.0,400.0
710,400.0,400.0,400.0,400.0
720,400.0,400.0,400.0,400.0
730,400.0,400.0,400.0,400.0
740,400.0,400.0,400.0,400.0
750,400.0,400.0,400.0,400.0
760,400.0,400.0,400.0,400.0
770,400.0,400.0,400.0,400.0
780,400.0,400.0,400.0,400.0
790,400.0,400.0,400.0,400.0
800,400.0,400.0,400.0,400.0
810,400.0,400.0,400.0,400.0
820,400.0,400.0,400.0,400.0
830,400.0,400.0,400.0,400.0
840,400.0,400.0,400.0,400.0
850,400.0,400.0,400.0,400.0
860,400.0,400.0,400.0,400.0
870,400.0,400.0,400.0,400.0
880,400.0,400.0,400.0,400.0
890,400.0,400.0,400.0,400.0
900,400.0,400.0,400.0,400.0
910,400.0,400.0,400.0,400.0
920,400.0,400.0,400.0,400.0
930,400.0,400.0,400.0,400.0
940,400.0,400.0,400.0,400.0
950,400.0,400.0,400.0,400.0
960,400.0,400.0,400.0,400.0
970,400.0,400.0,400.0,400.0
980,400.0,400.0,400.0,400.0
990,400.0,400.0,400.0,400.0
1000,400.0,400.0,400.0,400.0
1010,400.0,400.0,400.0,400.0
1020,400.0,400.0,400.0,400.0
1030,400.0,400.0,400.0,400.0
1040,400.0,400.0,400.0,400.0
1050,400.0,400.0,400.0,400.0
1060,400.0,400.0,400.0,400.0
1070,400.0,400.0,400.0,400.0
1080,400.0,400.0,400.0,400.0
1090,400.0,400.0,400.0,400.0
1100,400.0,400.0,400.0,400.0
1110,400.0,400.0,400.0,400.0
1120,400.0,400.0,400.0,400.0
1130,400.0,400.0,400.0,400.0
1140,400.0,400.0,400.0,400.0
1150,400.0,400.0,400.0,400.0
1160,400.0,400.0,400.0,400.0
1170,400.0,400.0,400.0,400.0
1180,400.0,400.0,400.0,400.0
1190,400.0,400.0,400.0,400.0
1200,400.0,400.0,400.0,400.0
1210,400.0,400.0,400.0,400.0
1220,400.0,400.0,400.0,400.0
1230,400.0,400.0,400.0,400.0
1240,400.0,400.0,400.0,400.0
1250,400.0,400.0,400.0,400.0
1260,400.0,400.0,400.0,400.0
1270,400.0,400.0,400.0,400.0
1280,400.0,400.0,400.0,400.0
1290,400.0,400.0,400.0,400.0
1300,400.0,400.0,400.0,400.0
1310,400.0,400.0,400.0,400.0
1320,400.0,400.0,400.0,400.0
1330,400.0,400.0,400.0,400.0
1340,400.0,400.0,400.0,400.0
1350,400.0,400.0,400.0,400.0
1360,400.0,400.0,400.0,400.0
1370,400.0,400.0,400.0,400.0
1380,400.0,400.0,400.0,400.0
1390,400.0,400.0,400.0,400.0
1400,400.0,400.0,400.0,400.0
1410,400.0,400.0,400.0,400.0
1420,400.0,400.0,400.0,400.0
1430,400.0,400.0,400.0,400.0
1440,400.0,400.0,400.0,400.0
1440,400.0,400.0,400.0,400.0
1450,400.0,400.41133333333335,400.06933333333336,400.4114814814815
1460,400.0,400.8226666666667,400.13866666666667,400.82296296296295
1470,400.0,401.234,400.208,401.2344444444444
1480,400.0,401.6453333333333,400.27733333333333,401.64592592592595
1490,400.0,402.0566666666667,400.3466666666667,402.0574074074074
1500,400.0,402.468,400.416,402.4688888888889
1510,400.0,402.87933333333336,400.48533333333336,402.8803703703704
1520,400.0,403.29066666666665,400.55466666666666,403.29185185185185
1530,400.0,403.702,400.624,403.7033333333333
1540,400.0,404.11333333333334,400.6933333333333,404.1148148148148
1550,400.0,404.5246666666667,400.7626666666667,404.52629629629627
1560,400.0,404.93600000000004,400.832,404.9377777777778
1570,400.0,405.3473333333333,400.90133333333335,405.34925925925927
1580,400.0,405.75866666666667,400.97066666666666,405.76074074074074
1590,400.0,406.17,401.04,406.1722222222222
1600,400.0,406.37,401.0886666666667,406.37244444444445
1610,400.0,406.57,401.13733333333334,406.5726666666667
1620,400.0,406.77000000000004,401.18600000000004,406.7728888888889
1630,400.0,406.97,401.23466666666667,406.9731111111111
1640,400.0,407.17,401.28333333333336,407.17333333333335
1650,400.0,407.37,401.332,407.3735555555556
1660,400.0,407.57,401.3806666666667,407.5737777777778
1670,400.0,407.77000000000004,401.4293333333333,407.774
1680,400.0,407.97,401.478,407.97422222222224
1690,400.0,408.17,401.52666666666664,408.1744444444445
1700,400.0,408.37,401.57533333333333,408.3746666666667
1710,400.0,408.57,401.62399999999997,408.57488888888895
1720,400.0,408.77000000000004,401.67266666666666,408.77511111111113
1730,400.0,408.97,401.7213333333333,408.97533333333337
1740,400.0,409.17,401.77,409.1755555555556
1750,400.0,409.37,401.822,409.37577777777784
1760,400.0,409.57,401.87399999999997,409.576
1770,400.0,409.77000000000004,401.926,409.77622222222226
1780,400.0,409.97,401.978,409.9764444444445
1790,400.0,410.17,402.03,410.1766666666667
1800,400.0,410.37,402.082,410.3768888888889
1810,400.0,410.57,402.134,410.57711111111115
1820,400.0,410.77000000000004,402.186,410.77733333333333
1830,400.0,410.97,402.238,410.97755555555557
1840,400.0,411.17,402.29,411.1777777777778
1850,400.0,411.37,402.342,411.378
1860,400.0,411.57,402.394,411.5782222222222
1870,400.0,411.77000000000004,402.446,411.77844444444446
1880,400.0,411.97,402.498,411.97866666666664
1890,400.0,412.17,402.55,412.1788888888889
1900,400.0,412.31,402.596,412.3182962962963
1910,400.0,412.45,402.642,412.4577037037037
1920,400.0,412.59000000000003,402.688,412.5971111111111
1930,400.0,412.73,402.73400000000004,412.7365185185185
1940,400.0,412.87,402.78000000000003,412.8759259259259
1950,400.0,413.01,402.826,413.01533333333333
1960,400.0,413.15,402.872,413.15474074074075
1970,400.0,413.29,402.918,413.2941481481481
1980,400.0,413.43,402.964,413.43355555555553
1990,400.0,413.57,403.01,413.57296296296295
2000,400.0,413.71,403.056,413.71237037037037
2010,400.0,413.84999999999997,403.10200000000003,413.8517777777778
2020,400.0,413.99,403.148,413.99118518518515
2030,400.0,414.13,403.194,414.13059259259256
2040,400.0,414.27,403.24,414.27
2050,400.0006666666667,414.3786666666667,403.28133333333335,414.37899999999996
2060,400.0013333333333,414.4873333333333,403.3226666666667,414.488
2070,400.002,414.596,403.36400000000003,414.597
2080,400.00266666666664,414.70466666666664,403.4053333333333,414.70599999999996
2090,400.00333333333333,414.81333333333333,403.44666666666666,414.815
2100,400.004,414.92199999999997,403.488,414.924
2110,400.00466666666665,415.03066666666666,403.52933333333334,415.03299999999996
2120,400.00533333333334,415.1393333333333,403.5706666666667,415.142
2130,400.006,415.248,403.612,415.251
2140,400.00666666666666,415.3566666666666,403.65333333333336,415.35999999999996
2150,400.00733333333335,415.4653333333333,403.6946666666667,415.469
2160,400.008,415.57399999999996,403.736,415.578
2170,400.00866666666667,415.68266666666665,403.77733333333333,415.68699999999995
2180,400.0093333333333,415.7913333333333,403.8186666666667,415.796
2190,400.01,415.9,403.86,415.905
2200,400.012,416.0093333333333,403.90066666666667,416.01399999999995
2210,400.014,416.1186666666666,403.9413333333334,416.123
2220,400.016,416.228,403.982,416.23199999999997
2230,400.018,416.33733333333333,404.0226666666667,416.341
2240,400.02,416.44666666666666,404.06333333333333,416.45
2250,400.022,416.556,404.10400000000004,416.55899999999997
2260,400.024,416.6653333333333,404.1446666666667,416.668
2270,400.026,416.7746666666667,404.18533333333335,416.777
2280,400.028,416.884,404.226,416.886
2290,400.03000000000003,416.99333333333334,404.2666666666667,416.995
2300,400.03200000000004,417.10266666666666,404.30733333333336,417.104
2310,400.034,417.212,404.348,417.213
2320,400.036,417.32133333333337,404.38866666666667,417.322
2330,400.038,417.4306666666667,404.4293333333334,417.43100000000004
2340,400.04,417.54,404.47,417.54
2350,400.04266666666666,417.64000000000004,404.51000000000005,417.6406
2360,400.04533333333336,417.74,404.55,417.7412
2370,400.048,417.84000000000003,404.59000000000003,417.84180000000003
2380,400.0506666666667,417.94,404.63,417.9424
2390,400.05333333333334,418.04,404.67,418.043
2400,400.056,418.14000000000004,404.71000000000004,418.1436
2410,400.0586666666667,418.24,404.75,418.2442
2420,400.0613333333333,418.34000000000003,404.79,418.3448
2430,400.064,418.44,404.83,418.4454
2440,400.06666666666666,418.54,404.87,418.546
2450,400.0693333333333,418.64000000000004,404.91,418.6466
2460,400.072,418.74,404.95,418.74719999999996
2470,400.07466666666664,418.84000000000003,404.99,418.8478
2480,400.07733333333334,418.94,405.03,418.9484
2490,400.08,419.04,405.07,419.049
2500,400.084,419.124,405.1073333333333,419.1328
2510,400.08799999999997,419.208,405.14466666666664,419.21659999999997
2520,400.092,419.29200000000003,405.182,419.30039999999997
2530,400.096,419.37600000000003,405.21933333333334,419.38419999999996
2540,400.09999999999997,419.46000000000004,405.25666666666666,419.46799999999996
2550,400.104,419.54400000000004,405.294,419.55179999999996
2560,400.108,419.62800000000004,405.3313333333333,419.63559999999995
2570,400.11199999999997,419.712,405.3686666666667,419.7194
2580,400.116,419.796,405.406,419.8032
2590,400.12,419.88,405.4433333333333,419.887
2600,400.12399999999997,419.964,405.48066666666665,419.9708
2610,400.128,420.048,405.518,420.0546
2620,400.132,420.132,405.55533333333335,420.1384
2630,400.13599999999997,420.216,405.5926666666667,420.2222
2640,400.14,420.3,405.63,420.306
2650,400.1453333333333,420.384,405.6673333333333,420.3898
2660,400.15066666666667,420.468,405.70466666666664,420.4736
2670,400.156,420.552,405.742,420.5574
2680,400.16133333333335,420.636,405.77933333333334,420.64119999999997
2690,400.1666666666667,420.72,405.81666666666666,420.72499999999997
2700,400.172,420.80400000000003,405.854,420.80879999999996
2710,400.17733333333337,420.88800000000003,405.8913333333333,420.89259999999996
2720,400.18266666666665,420.972,405.9286666666667,420.9764
2730,400.188,421.056,405.966,421.0602
2740,400.1933333333333,421.14,406.00333333333333,421.144
2750,400.19866666666667,421.224,406.04066666666665,421.2278
2760,400.204,421.308,406.078,421.3116
2770,400.20933333333335,421.392,406.11533333333335,421.3954
2780,400.2146666666667,421.476,406.1526666666667,421.4792
2790,400.22,421.56,406.19,421.563
2800,400.2273333333334,421.6433333333333,406.2273333333333,421.6468
2810,400.23466666666667,421.7266666666667,406.26466666666664,421.7306
2820,400.242,421.81,406.302,421.8144
2830,400.24933333333337,421.8933333333333,406.33933333333334,421.8982
2840,400.25666666666666,421.9766666666667,406.37666666666667,421.98199999999997
2850,400.264,422.06,406.414,422.06579999999997
2860,400.27133333333336,422.1433333333333,406.4513333333333,422.14959999999996
2870,400.27866666666665,422.2266666666667,406.4886666666667,422.2334
2880,400.286,422.31,406.526,422.3172
2890,400.29333333333335,422.3933333333333,406.56333333333333,422.401
2900,400.30066666666664,422.4766666666667,406.60066666666665,422.4848
2910,400.308,422.56,406.638,422.5686
2920,400.31533333333334,422.6433333333333,406.67533333333336,422.6524
2930,400.32266666666663,422.7266666666667,406.7126666666667,422.7362
2940,400.33,422.81,406.75,422.82
2950,400.33866666666665,422.8806666666667,406.7853333333333,422.8906
2960,400.3473333333333,422.9513333333333,406.8206666666667,422.9612
2970,400.356,423.022,406.856,423.0318
2980,400.36466666666666,423.0926666666667,406.8913333333333,423.1024
2990,400.37333333333333,423.16333333333336,406.9266666666667,423.173
3000,400.382,423.234,406.962,423.2436
3010,400.3906666666667,423.30466666666666,406.9973333333333,423.3142
3020,400.3993333333333,423.37533333333334,407.03266666666667,423.3848
3030,400.40799999999996,423.446,407.068,423.4554
3040,400.41666666666663,423.51666666666665,407.1033333333333,423.526
3050,400.4253333333333,423.58733333333333,407.13866666666667,423.5966
3060,400.43399999999997,423.658,407.174,423.66720000000004
3070,400.44266666666664,423.7286666666667,407.2093333333333,423.7378
3080,400.4513333333333,423.7993333333333,407.24466666666666,423.8084
3090,400.46,423.87,407.28,423.879
3100,400.46999999999997,423.9406666666667,407.3153333333333,423.94960000000003
3110,400.47999999999996,424.0113333333333,407.35066666666665,424.0202
3120,400.49,424.082,407.38599999999997,424.0908
3130,400.5,424.1526666666667,407.42133333333334,424.1614
3140,400.51,424.22333333333336,407.45666666666665,424.232
3150,400.52,424.294,407.49199999999996,424.3026
3160,400.53,424.36466666666666,407.52733333333333,424.3732
3170,400.54,424.43533333333335,407.56266666666664,424.4438
3180,400.55,424.50600000000003,407.598,424.5144
3190,400.56,424.57666666666665,407.6333333333333,424.585
3200,400.57,424.64733333333334,407.66866666666664,424.6556
3210,400.58,424.718,407.704,424.7262
3220,400.59000000000003,424.7886666666667,407.7393333333333,424.7968
3230,400.6,424.8593333333333,407.7746666666667,424.8674
3240,400.61,424.93,407.81,424.938
3250,400.6213333333333,425.0006666666667,407.8453333333333,425.0086
3260,400.6326666666667,425.0713333333333,407.8806666666667,425.0792
3270,400.644,425.142,407.916,425.14979999999997
3280,400.6553333333333,425.2126666666667,407.9513333333333,425.2204
3290,400.6666666666667,425.28333333333336,407.9866666666667,425.291
3300,400.678,425.354,408.022,425.3616
3310,400.6893333333333,425.42466666666667,408.0573333333333,425.4322
3320,400.7006666666667,425.49533333333335,408.0926666666667,425.5028
3330,400.712,425.56600000000003,408.128,425.5734
3340,400.7233333333333,425.63666666666666,408.1633333333333,425.644
3350,400.73466666666667,425.70733333333334,408.19866666666667,425.7146
3360,400.746,425.778,408.234,425.78520000000003
3370,400.7573333333333,425.8486666666667,408.2693333333333,425.8558
3380,400.76866666666666,425.9193333333333,408.30466666666666,425.9264
3390,400.78,425.99,408.34,425.997
3400,400.79266666666666,426.05333333333334,408.37466666666666,426.06
3410,400.8053333333333,426.1166666666667,408.40933333333334,426.123
3420,400.818,426.18,408.44399999999996,426.18600000000004
3430,400.8306666666667,426.24333333333334,408.47866666666664,426.249
3440,400.8433333333333,426.3066666666667,408.5133333333333,426.312
3450,400.856,426.37,408.548,426.375
3460,400.8686666666667,426.43333333333334,408.5826666666667,426.438
3470,400.8813333333333,426.49666666666667,408.6173333333333,426.50100000000003
3480,400.894,426.56,408.652,426.564
3490,400.9066666666667,426.62333333333333,408.68666666666667,426.627
3500,400.9193333333333,426.68666666666667,408.72133333333335,426.69
3510,400.932,426.75,408.75600000000003,426.753
3520,400.9446666666667,426.81333333333333,408.79066666666665,426.81600000000003
3530,400.95733333333334,426.87666666666667,408.82533333333333,426.879
3540,400.97,426.94,408.86,426.942
3550,400.98400000000004,426.9986666666667,408.8933333333334,427.0012
3560,400.99800000000005,427.0573333333333,408.9266666666667,427.0604
3570,401.012,427.116,408.96000000000004,427.1196
3580,401.026,427.17466666666667,408.99333333333334,427.1788
3590,401.04,427.23333333333335,409.0266666666667,427.238
3600,401.05400000000003,427.292,409.06,427.2972
3610,401.06800000000004,427.35066666666665,409.09333333333336,427.3564
3620,401.082,427.40933333333334,409.12666666666667,427.4156
3630,401.096,427.468,409.16,427.4748
3640,401.11,427.52666666666664,409.1933333333333,427.534
3650,401.124,427.5853333333333,409.2266666666667,427.59319999999997
3660,401.13800000000003,427.644,409.26,427.6524
3670,401.152,427.7026666666667,409.29333333333335,427.7116
3680,401.166,427.7613333333333,409.32666666666665,427.7708
3690,401.18,427.82,409.36,427.83
3700,401.19533333333334,427.8793333333333,409.394,427.88919999999996
3710,401.21066666666667,427.9386666666667,409.428,427.9484
3720,401.226,427.998,409.462,428.00759999999997
3730,401.24133333333333,428.0573333333333,409.49600000000004,428.0668
3740,401.25666666666666,428.1166666666667,409.53000000000003,428.126
3750,401.272,428.176,409.564,428.1852
3760,401.2873333333333,428.2353333333333,409.598,428.2444
3770,401.3026666666667,428.29466666666667,409.632,428.3036
3780,401.31800000000004,428.354,409.666,428.3628
3790,401.33333333333337,428.4133333333333,409.7,428.422
3800,401.3486666666667,428.47266666666667,409.734,428.4812
3810,401.36400000000003,428.532,409.76800000000003,428.54040000000003
3820,401.37933333333336,428.5913333333333,409.802,428.5996
3830,401.3946666666667,428.65066666666667,409.836,428.65880000000004
3840,401.41,428.71,409.87,428.718
3850,401.4266666666667,428.7693333333333,409.90333333333336,428.7772
3860,401.4433333333334,428.82866666666666,409.93666666666667,428.8364
3870,401.46000000000004,428.888,409.97,428.8956
3880,401.4766666666667,428.94733333333335,410.00333333333333,428.95480000000003
3890,401.49333333333334,429.00666666666666,410.0366666666667,429.014
3900,401.51000000000005,429.066,410.07,429.0732
3910,401.5266666666667,429.12533333333334,410.10333333333335,429.1324
3920,401.54333333333335,429.18466666666666,410.13666666666666,429.1916
3930,401.56,429.244,410.17,429.2508
3940,401.5766666666667,429.30333333333334,410.2033333333333,429.31
3950,401.59333333333336,429.36266666666666,410.2366666666667,429.3692
3960,401.61,429.422,410.27,429.4284
3970,401.62666666666667,429.48133333333334,410.30333333333334,429.4876
3980,401.6433333333334,429.5406666666667,410.33666666666664,429.5468
3990,401.66,429.6,410.37,429.606
4000,401.67733333333337,429.65933333333334,410.404,429.66519999999997
4010,401.6946666666667,429.7186666666667,410.438,429.7244
4020,401.71200000000005,429.778,410.472,429.7836
4030,401.72933333333333,429.83733333333333,410.50600000000003,429.8428
4040,401.74666666666667,429.8966666666667,410.54,429.902
4050,401.764,429.956,410.574,429.9612
4060,401.78133333333335,430.01533333333333,410.608,430.0204
4070,401.7986666666667,430.0746666666667,410.642,430.0796
4080,401.81600000000003,430.134,410.676,430.1388
4090,401.83333333333337,430.1933333333333,410.71,430.19800000000004
4100,401.8506666666667,430.2526666666667,410.74399999999997,430.2572
4110,401.868,430.312,410.778,430.31640000000004
4120,401.88533333333334,430.3713333333333,410.812,430.3756
4130,401.9026666666667,430.4306666666667,410.846,430.43480000000005
4140,401.92,430.49,410.88,430.494
4150,401.938,430.5493333333333,410.914,430.5532
4160,401.956,430.6086666666667,410.948,430.61240000000004
4170,401.974,430.668,410.98199999999997,430.6716
4180,401.992,430.7273333333333,411.016,430.73080000000004
4190,402.01,430.7866666666667,411.05,430.79
4200,402.028,430.846,411.084,430.8492
4210,402.046,430.9053333333333,411.118,430.90840000000003
4220,402.064,430.9646666666667,411.152,430.9676
4230,402.082,431.024,411.186,431.02680000000004
4240,402.1,431.0833333333333,411.21999999999997,431.086
4250,402.118,431.1426666666667,411.25399999999996,431.1452
4260,402.136,431.202,411.288,431.2044
4270,402.154,431.2613333333333,411.322,431.2636
4280,402.172,431.3206666666667,411.356,431.32280000000003
4290,402.19,431.38,411.39,431.382
4300,402.20866666666666,431.4386666666667,411.424,431.4412
4310,402.2273333333333,431.4973333333333,411.45799999999997,431.5004
4320,402.246,431.556,411.49199999999996,431.5596
4330,402.2646666666667,431.61466666666666,411.526,431.6188
4340,402.28333333333336,431.67333333333335,411.56,431.678
4350,402.302,431.73199999999997,411.594,431.7372
4360,402.3206666666667,431.79066666666665,411.628,431.7964
4370,402.33933333333334,431.84933333333333,411.662,431.8556
4380,402.358,431.908,411.69599999999997,431.9148
4390,402.37666666666667,431.96666666666664,411.72999999999996,431.974
4400,402.3953333333333,432.0253333333333,411.76399999999995,432.03319999999997
4410,402.41400000000004,432.084,411.798,432.0924
4420,402.4326666666667,432.1426666666667,411.832,432.1516
4430,402.45133333333337,432.2013333333333,411.866,432.2108
4440,402.47,432.26,411.9,432.27
4450,402.49,432.31,411.93333333333334,432.32
4460,402.51000000000005,432.36,411.96666666666664,432.37
4470,402.53000000000003,432.40999999999997,412.0,432.41999999999996
4480,402.55,432.46,412.0333333333333,432.46999999999997
4490,402.57,432.51,412.06666666666666,432.52
4500,402.59000000000003,432.56,412.09999999999997,432.57
4510,402.61,432.61,412.1333333333333,432.62
4520,402.63,432.65999999999997,412.16666666666663,432.66999999999996
4530,402.65,432.71,412.2,432.71999999999997
4540,402.67,432.76,412.2333333333333,432.77
4550,402.69,432.81,412.26666666666665,432.82
4560,402.71,432.86,412.29999999999995,432.87
4570,402.72999999999996,432.90999999999997,412.3333333333333,432.91999999999996
4580,402.75,432.96,412.3666666666666,432.96999999999997
4590,402.77,433.01,412.4,433.02
4600,402.79066666666665,433.06,412.43266666666665,433.07
4610,402.8113333333333,433.11,412.4653333333333,433.12
4620,402.832,433.15999999999997,412.498,433.16999999999996
4630,402.85266666666666,433.21,412.53066666666666,433.21999999999997
4640,402.87333333333333,433.26,412.56333333333333,433.27
4650,402.894,433.31,412.596,433.32
4660,402.9146666666667,433.36,412.6286666666667,433.37
4670,402.9353333333333,433.40999999999997,412.6613333333333,433.41999999999996
4680,402.95599999999996,433.46,412.69399999999996,433.46999999999997
4690,402.97666666666663,433.51,412.72666666666663,433.52
4700,402.9973333333333,433.56,412.7593333333333,433.57
4710,403.018,433.61,412.792,433.62
4720,403.03866666666664,433.65999999999997,412.82466666666664,433.66999999999996
4730,403.0593333333333,433.71,412.8573333333333,433.71999999999997
4740,403.08,433.76,412.89,433.77
4750,403.10133333333334,433.81,412.92333333333335,433.82
4760,403.12266666666665,433.86,412.95666666666665,433.87
4770,403.144,433.90999999999997,412.99,433.91999999999996
4780,403.1653333333333,433.96,413.0233333333333,433.96999999999997
4790,403.18666666666667,434.01,413.0566666666667,434.02
4800,403.20799999999997,434.06,413.09,434.07
4810,403.22933333333333,434.11,413.12333333333333,434.12
4820,403.25066666666663,434.15999999999997,413.15666666666664,434.16999999999996
4830,403.272,434.21,413.19,434.21999999999997
4840,403.2933333333333,434.26,413.2233333333333,434.27
4850,403.31466666666665,434.31,413.25666666666666,434.32
4860,403.33599999999996,434.36,413.28999999999996,434.37
4870,403.3573333333333,434.40999999999997,413.3233333333333,434.41999999999996
4880,403.3786666666666,434.46,413.3566666666666,434.46999999999997
4890,403.4,434.51,413.39,434.52
4900,403.42199999999997,434.56,413.42266666666666,434.57
4910,403.44399999999996,434.61,413.45533333333333,434.62
4920,403.466,434.65999999999997,413.488,434.66999999999996
4930,403.488,434.71,413.52066666666667,434.71999999999997
4940,403.51,434.76,413.55333333333334,434.77
4950,403.532,434.81,413.586,434.82
4960,403.554,434.86,413.6186666666667,434.87
4970,403.576,434.90999999999997,413.6513333333333,434.91999999999996
4980,403.598,434.96,413.68399999999997,434.96999999999997
4990,403.62,435.01,413.71666666666664,435.02
5000,403.642,435.06,413.7493333333333,435.07
5010,403.664,435.11,413.782,435.12
5020,403.68600000000004,435.15999999999997,413.81466666666665,435.16999999999996
5030,403.708,435.21,413.8473333333333,435.21999999999997
5040,403.73,435.26,413.88,435.27
5050,403.7526666666667,435.31,413.91333333333336,435.32
5060,403.7753333333333,435.36,413.94666666666666,435.37
5070,403.798,435.40999999999997,413.98,435.41999999999996
5080,403.8206666666667,435.46,414.0133333333333,435.46999999999997
5090,403.84333333333336,435.51,414.0466666666667,435.52
5100,403.866,435.56,414.08,435.57
5110,403.88866666666667,435.61,414.11333333333334,435.62
5120,403.91133333333335,435.65999999999997,414.14666666666665,435.66999999999996
5130,403.934,435.71,414.18,435.71999999999997
5140,403.95666666666665,435.76,414.2133333333333,435.77
5150,403.97933333333333,435.81,414.24666666666667,435.82
5160,404.002,435.86,414.28,435.87
5170,404.0246666666667,435.90999999999997,414.31333333333333,435.91999999999996
5180,404.0473333333333,435.96,414.34666666666664,435.96999999999997
5190,404.07,436.01,414.38,436.02
5200,404.0926666666667,436.06,414.41333333333336,436.07
5210,404.11533333333335,436.11,414.44666666666666,436.12
5220,404.138,436.15999999999997,414.48,436.16999999999996
5230,404.16066666666666,436.21,414.5133333333333,436.21999999999997
5240,404.18333333333334,436.26,414.5466666666667,436.27
5250,404.206,436.31,414.58,436.32
5260,404.2286666666667,436.36,414.61333333333334,436.37
5270,404.2513333333333,436.40999999999997,414.64666666666665,436.41999999999996
5280,404.274,436.46,414.68,436.46999999999997
5290,404.2966666666667,436.51,414.7133333333333,436.52
5300,404.31933333333336,436.56,414.74666666666667,436.57
5310,404.34200000000004,436.61,414.78,436.62
5320,404.36466666666666,436.65999999999997,414.81333333333333,436.66999999999996
5330,404.38733333333334,436.71,414.84666666666664,436.71999999999997
5340,404.41,436.76,414.88,436.77
5350,404.434,436.808,414.91333333333336,436.818
5360,404.458,436.856,414.94666666666666,436.866
5370,404.482,436.904,414.98,436.914
5380,404.50600000000003,436.952,415.0133333333333,436.962
5390,404.53000000000003,437.0,415.0466666666667,437.01
5400,404.55400000000003,437.048,415.08,437.058
5410,404.57800000000003,437.096,415.11333333333334,437.106
5420,404.602,437.144,415.14666666666665,437.154
5430,404.626,437.192,415.18,437.202
5440,404.65,437.24,415.2133333333333,437.25
5450,404.674,437.288,415.24666666666667,437.298
5460,404.698,437.336,415.28,437.346
5470,404.722,437.384,415.31333333333333,437.394
5480,404.746,437.432,415.34666666666664,437.442
5490,404.77,437.48,415.38,437.49
5500,404.794,437.524,415.41266666666667,437.534
5510,404.818,437.56800000000004,415.44533333333334,437.57800000000003
5520,404.842,437.612,415.478,437.622
5530,404.866,437.656,415.5106666666667,437.666
5540,404.89,437.7,415.54333333333335,437.71
5550,404.914,437.744,415.576,437.754
5560,404.938,437.788,415.6086666666667,437.798
5570,404.962,437.832,415.6413333333333,437.842
5580,404.986,437.876,415.674,437.88599999999997
5590,405.01,437.92,415.70666666666665,437.93
5600,405.034,437.964,415.7393333333333,437.974
5610,405.058,438.008,415.772,438.018
5620,405.082,438.05199999999996,415.80466666666666,438.06199999999995
5630,405.106,438.096,415.83733333333333,438.106
5640,405.13,438.14,415.87,438.15
5650,405.1546666666667,438.18399999999997,415.902,438.19399999999996
5660,405.1793333333333,438.228,415.934,438.238
5670,405.204,438.272,415.966,438.282
5680,405.22866666666664,438.316,415.998,438.32599999999996
5690,405.25333333333333,438.36,416.03000000000003,438.37
5700,405.278,438.404,416.062,438.414
5710,405.30266666666665,438.448,416.094,438.45799999999997
5720,405.32733333333334,438.492,416.12600000000003,438.502
5730,405.352,438.536,416.158,438.546
5740,405.37666666666667,438.58,416.19,438.59
5750,405.40133333333335,438.624,416.22200000000004,438.634
5760,405.426,438.668,416.254,438.678
5770,405.4506666666667,438.712,416.286,438.722
5780,405.4753333333333,438.75600000000003,416.31800000000004,438.766
5790,405.5,438.8,416.35,438.81
5800,405.5246666666667,438.844,416.3826666666667,438.854
5810,405.5493333333333,438.88800000000003,416.41533333333336,438.898
5820,405.574,438.932,416.44800000000004,438.942
5830,405.59866666666665,438.976,416.48066666666665,438.986
5840,405.62333333333333,439.02,416.5133333333333,439.03000000000003
5850,405.648,439.064,416.546,439.074
5860,405.67266666666666,439.108,416.57866666666666,439.118
5870,405.69733333333335,439.152,416.61133333333333,439.16200000000003
5880,405.722,439.19599999999997,416.644,439.206
5890,405.74666666666667,439.24,416.6766666666667,439.25
5900,405.77133333333336,439.284,416.70933333333335,439.29400000000004
5910,405.796,439.328,416.74199999999996,439.338
5920,405.8206666666667,439.37199999999996,416.77466666666663,439.382
5930,405.8453333333333,439.416,416.8073333333333,439.42600000000004
5940,405.87,439.46,416.84,439.47
5950,405.8953333333333,439.50399999999996,416.87266666666665,439.514
5960,405.92066666666665,439.548,416.9053333333333,439.55800000000005
5970,405.946,439.592,416.938,439.60200000000003
5980,405.97133333333335,439.63599999999997,416.97066666666666,439.646
5990,405.99666666666667,439.68,417.00333333333333,439.69
6000,406.022,439.724,417.036,439.73400000000004
6010,406.0473333333333,439.768,417.0686666666667,439.778
6020,406.0726666666667,439.812,417.1013333333333,439.822
6030,406.098,439.856,417.13399999999996,439.866
6040,406.12333333333333,439.9,417.16666666666663,439.91
6050,406.14866666666666,439.944,417.1993333333333,439.954
6060,406.174,439.988,417.23199999999997,439.998
6070,406.19933333333336,440.032,417.26466666666664,440.042
6080,406.2246666666667,440.076,417.2973333333333,440.086
6090,406.25,440.12,417.33,440.13
6100,406.276,440.164,417.36266666666666,440.174
6110,406.302,440.208,417.3953333333333,440.218
6120,406.328,440.252,417.428,440.262
6130,406.354,440.296,417.46066666666667,440.306
6140,406.38,440.34,417.49333333333334,440.35
6150,406.406,440.384,417.526,440.394
6160,406.432,440.428,417.5586666666667,440.438
6170,406.45799999999997,440.472,417.5913333333333,440.482
6180,406.484,440.51599999999996,417.62399999999997,440.526
6190,406.51,440.56,417.65666666666664,440.57
6200,406.536,440.604,417.6893333333333,440.61400000000003
6210,406.562,440.64799999999997,417.722,440.658
6220,406.58799999999997,440.69199999999995,417.75466666666665,440.702
6230,406.614,440.736,417.7873333333333,440.74600000000004
6240,406.64,440.78,417.82,440.79
6250,406.666,440.82399999999996,417.85333333333335,440.834
6260,406.692,440.868,417.88666666666666,440.87800000000004
6270,406.71799999999996,440.912,417.92,440.922
6280,406.74399999999997,440.95599999999996,417.9533333333333,440.966
6290,406.77,441.0,417.9866666666667,441.01
6300,406.796,441.044,418.02,441.05400000000003
6310,406.822,441.08799999999997,418.05333333333334,441.098
6320,406.84799999999996,441.132,418.08666666666664,441.142
6330,406.87399999999997,441.176,418.12,441.186
6340,406.9,441.21999999999997,418.1533333333333,441.23
6350,406.926,441.264,418.18666666666667,441.274
6360,406.952,441.308,418.21999999999997,441.318
6370,406.97799999999995,441.352,418.25333333333333,441.36199999999997
6380,407.00399999999996,441.396,418.28666666666663,441.406
6390,407.03,441.44,418.32,441.45
6400,407.0566666666666,441.48133333333334,418.352,441.4911333333333
6410,407.0833333333333,441.5226666666667,418.384,441.53226666666666
6420,407.10999999999996,441.564,418.416,441.5734
6430,407.13666666666666,441.6053333333333,418.448,441.6145333333333
6440,407.1633333333333,441.64666666666665,418.48,441.65566666666666
6450,407.19,441.688,418.512,441.6968
6460,407.21666666666664,441.72933333333333,418.544,441.73793333333333
6470,407.24333333333334,441.77066666666667,418.576,441.77906666666667
6480,407.27,441.812,418.608,441.8202
6490,407.2966666666667,441.85333333333335,418.64,441.86133333333333
6500,407.3233333333333,441.8946666666667,418.672,441.90246666666667
6510,407.35,441.936,418.704,441.9436
6520,407.37666666666667,441.9773333333333,418.736,441.98473333333334
6530,407.40333333333336,442.01866666666666,418.76800000000003,442.0258666666667
6540,407.43,442.06,418.8,442.067
6550,407.45666666666665,442.1,418.8326666666667,442.1067
6560,407.48333333333335,442.14,418.86533333333335,442.1464
6570,407.51,442.18,418.898,442.1861
6580,407.5366666666667,442.22,418.9306666666667,442.2258
6590,407.56333333333333,442.26,418.96333333333337,442.26550000000003
6600,407.59,442.3,418.99600000000004,442.3052
6610,407.6166666666667,442.34000000000003,419.0286666666667,442.3449
6620,407.6433333333333,442.38,419.0613333333333,442.38460000000003
6630,407.67,442.42,419.094,442.4243
6640,407.69666666666666,442.46000000000004,419.12666666666667,442.464
6650,407.7233333333333,442.5,419.15933333333334,442.50370000000004
6660,407.75,442.54,419.192,442.5434
6670,407.77666666666664,442.58000000000004,419.2246666666667,442.5831
6680,407.80333333333334,442.62,419.25733333333335,442.62280000000004
6690,407.83,442.66,419.29,442.6625
6700,407.8573333333333,442.69933333333336,419.322,442.7022
6710,407.88466666666665,442.7386666666667,419.35400000000004,442.74190000000004
6720,407.912,442.778,419.386,442.7816
6730,407.9393333333333,442.81733333333335,419.418,442.8213
6740,407.96666666666664,442.8566666666667,419.45,442.861
6750,407.99399999999997,442.896,419.482,442.90070000000003
6760,408.0213333333333,442.93533333333335,419.514,442.9404
6770,408.0486666666667,442.9746666666667,419.546,442.9801
6780,408.076,443.014,419.578,443.0198
6790,408.10333333333335,443.05333333333334,419.61,443.0595
6800,408.1306666666667,443.0926666666667,419.642,443.0992
6810,408.158,443.132,419.674,443.1389
6820,408.18533333333335,443.17133333333334,419.70599999999996,443.17859999999996
6830,408.2126666666667,443.21066666666667,419.738,443.2183
6840,408.24,443.25,419.77,443.258
6850,408.26733333333334,443.29,419.80266666666665,443.29769999999996
6860,408.29466666666667,443.33,419.8353333333333,443.3374
6870,408.322,443.37,419.868,443.3771
6880,408.34933333333333,443.41,419.90066666666667,443.41679999999997
6890,408.37666666666667,443.45,419.93333333333334,443.4565
6900,408.404,443.49,419.966,443.4962
6910,408.4313333333333,443.53000000000003,419.9986666666667,443.53589999999997
6920,408.45866666666666,443.57,420.0313333333333,443.5756
6930,408.486,443.61,420.06399999999996,443.6153
6940,408.5133333333333,443.65000000000003,420.09666666666664,443.655
6950,408.54066666666665,443.69,420.1293333333333,443.6947
6960,408.568,443.73,420.162,443.7344
6970,408.5953333333333,443.77000000000004,420.19466666666665,443.7741
6980,408.62266666666665,443.81,420.2273333333333,443.8138
6990,408.65,443.85,420.26,443.8535
7000,408.6773333333333,443.88933333333335,420.292,443.8932
7010,408.70466666666664,443.9286666666667,420.324,443.9329
7020,408.73199999999997,443.968,420.356,443.9726
7030,408.7593333333333,444.00733333333335,420.388,444.0123
7040,408.78666666666663,444.0466666666667,420.42,444.052
7050,408.81399999999996,444.086,420.452,444.0917
7060,408.8413333333333,444.12533333333334,420.484,444.1314
7070,408.8686666666667,444.1646666666667,420.516,444.1711
7080,408.896,444.204,420.548,444.2108
7090,408.92333333333335,444.24333333333334,420.58,444.2505
7100,408.9506666666667,444.28266666666667,420.612,444.2902
7110,408.978,444.322,420.644,444.3299
7120,409.00533333333334,444.36133333333333,420.676,444.3696
7130,409.03266666666667,444.40066666666667,420.708,444.40930000000003
7140,409.06,444.44,420.74,444.449
7150,409.088,444.48,420.7726666666667,444.4887
7160,409.116,444.52,420.80533333333335,444.52840000000003
7170,409.144,444.56,420.838,444.5681
7180,409.172,444.6,420.8706666666667,444.6078
7190,409.2,444.64,420.90333333333336,444.64750000000004
7200,409.228,444.68,420.93600000000004,444.6872
7210,409.25600000000003,444.72,420.9686666666667,444.7269
7220,409.284,444.76,421.0013333333333,444.76660000000004
7230,409.312,444.8,421.034,444.8063
7240,409.34000000000003,444.84000000000003,421.06666666666666,444.846
7250,409.368,444.88,421.09933333333333,444.88570000000004
7260,409.396,444.92,421.132,444.9254
7270,409.42400000000004,444.96000000000004,421.1646666666667,444.9651
7280,409.452,445.0,421.19733333333335,445.00480000000005
7290,409.48,445.04,421.23,445.0445
7300,409.50800000000004,445.07933333333335,421.262,445.0842
7310,409.536,445.1186666666667,421.29400000000004,445.12390000000005
7320,409.564,445.158,421.326,445.16360000000003
7330,409.592,445.19733333333335,421.358,445.2033
7340,409.62,445.2366666666667,421.39,445.243
7350,409.648,445.276,421.422,445.28270000000003
7360,409.676,445.31533333333334,421.454,445.3224
7370,409.704,445.3546666666667,421.486,445.3621
7380,409.73199999999997,445.394,421.518,445.4018
7390,409.76,445.43333333333334,421.55,445.4415
7400,409.788,445.47266666666667,421.582,445.4812
7410,409.816,445.512,421.614,445.5209
7420,409.844,445.55133333333333,421.64599999999996,445.56059999999997
7430,409.87199999999996,445.59066666666666,421.678,445.6003
7440,409.9,445.63,421.71,445.64
7450,409.92866666666663,445.6666666666667,421.74199999999996,445.6766
7460,409.95733333333334,445.7033333333333,421.774,445.7132
7470,409.986,445.74,421.806,445.7498
7480,410.01466666666664,445.77666666666664,421.83799999999997,445.7864
7490,410.0433333333333,445.81333333333333,421.87,445.823
7500,410.072,445.85,421.902,445.8596
7510,410.10066666666665,445.88666666666666,421.93399999999997,445.8962
7520,410.1293333333333,445.92333333333335,421.966,445.9328
7530,410.15799999999996,445.96,421.998,445.9694
7540,410.18666666666667,445.99666666666667,422.03,446.00600000000003
7550,410.2153333333333,446.03333333333336,422.062,446.0426
7560,410.24399999999997,446.07,422.094,446.0792
7570,410.2726666666666,446.1066666666667,422.126,446.11580000000004
7580,410.30133333333333,446.1433333333333,422.158,446.1524
7590,410.33,446.18,422.19,446.189
7600,410.35866666666664,446.2166666666667,422.222,446.22560000000004
7610,410.38733333333334,446.25333333333333,422.254,446.2622
7620,410.416,446.29,422.286,446.2988
7630,410.44466666666665,446.32666666666665,422.318,446.3354
7640,410.4733333333333,446.36333333333334,422.35,446.372
7650,410.502,446.40000000000003,422.382,446.40860000000004
7660,410.53066666666666,446.43666666666667,422.414,446.4452
7670,410.5593333333333,446.47333333333336,422.446,446.4818
7680,410.58799999999997,446.51,422.478,446.5184
7690,410.6166666666667,446.5466666666667,422.51,446.555
7700,410.6453333333333,446.58333333333337,422.54200000000003,446.5916
7710,410.674,446.62,422.574,446.6282
7720,410.70266666666663,446.6566666666667,422.606,446.6648
7730,410.73133333333334,446.6933333333333,422.63800000000003,446.7014
7740,410.76,446.73,422.67,446.738
7750,410.78866666666664,446.7666666666667,422.702,446.7746
7760,410.81733333333335,446.80333333333334,422.73400000000004,446.8112
7770,410.846,446.84000000000003,422.766,446.8478
7780,410.87466666666666,446.87666666666667,422.798,446.88439999999997
7790,410.9033333333333,446.91333333333336,422.83,446.921
7800,410.932,446.95,422.862,446.9576
7810,410.96066666666667,446.9866666666667,422.894,446.9942
7820,410.9893333333333,447.0233333333333,422.926,447.0308
7830,411.018,447.06,422.95799999999997,447.06739999999996
7840,411.0466666666667,447.09666666666664,422.99,447.104
7850,411.07533333333333,447.1333333333333,423.022,447.1406
7860,411.104,447.16999999999996,423.054,447.17719999999997
7870,411.13266666666664,447.20666666666665,423.08599999999996,447.2138
7880,411.16133333333335,447.2433333333333,423.118,447.25039999999996
7890,411.19,447.28,423.15,447.287
7900,411.21866666666665,447.31666666666666,423.18199999999996,447.3236
7910,411.24733333333336,447.3533333333333,423.214,447.36019999999996
7920,411.276,447.39,423.246,447.3968
7930,411.30466666666666,447.4266666666666,423.27799999999996,447.4334
7940,411.3333333333333,447.4633333333333,423.31,447.46999999999997
7950,411.362,447.5,423.342,447.5066
7960,411.3906666666667,447.53666666666663,423.37399999999997,447.5432
7970,411.4193333333333,447.5733333333333,423.406,447.5798
7980,411.448,447.60999999999996,423.438,447.6164
7990,411.4766666666667,447.64666666666665,423.46999999999997,447.653
8000,411.50533333333334,447.68333333333334,423.502,447.6896
8010,411.534,447.71999999999997,423.534,447.7262
8020,411.56266666666664,447.75666666666666,423.566,447.7628
8030,411.59133333333335,447.7933333333333,423.598,447.7994
8040,411.62,447.83,423.63,447.836
8050,411.64933333333335,447.8666666666667,423.662,447.87260000000003
8060,411.6786666666667,447.9033333333333,423.694,447.9092
8070,411.708,447.94,423.726,447.9458
8080,411.7373333333333,447.97666666666663,423.758,447.9824
8090,411.76666666666665,448.0133333333333,423.79,448.019
8100,411.796,448.05,423.822,448.0556
8110,411.82533333333333,448.08666666666664,423.854,448.0922
8120,411.8546666666667,448.12333333333333,423.886,448.1288
8130,411.884,448.15999999999997,423.918,448.1654
8140,411.91333333333336,448.19666666666666,423.95,448.202
8150,411.9426666666667,448.23333333333335,423.982,448.2386
8160,411.972,448.27,424.014,448.2752
8170,412.0013333333333,448.3066666666667,424.046,448.3118
8180,412.03066666666666,448.3433333333333,424.07800000000003,448.34839999999997
8190,412.06,448.38,424.11,448.385
8200,412.08866666666665,448.4166666666667,424.142,448.4216
8210,412.11733333333336,448.4533333333333,424.17400000000004,448.4582
8220,412.146,448.49,424.206,448.4948
8230,412.17466666666667,448.52666666666664,424.238,448.5314
8240,412.2033333333333,448.56333333333333,424.27,448.568
8250,412.232,448.6,424.302,448.6046
8260,412.2606666666667,448.63666666666666,424.334,448.6412
8270,412.28933333333333,448.67333333333335,424.366,448.6778
8280,412.318,448.71,424.39799999999997,448.7144
8290,412.3466666666667,448.74666666666667,424.43,448.75100000000003
8300,412.37533333333334,448.78333333333336,424.462,448.7876
8310,412.404,448.82,424.49399999999997,448.8242
8320,412.43266666666665,448.8566666666667,424.52599999999995,448.86080000000004
8330,412.46133333333336,448.8933333333333,424.558,448.8974
8340,412.49,448.93,424.59,448.934
8350,412.51933333333335,448.966,424.62199999999996,448.9700666666667
8360,412.5486666666667,449.002,424.654,449.00613333333337
8370,412.57800000000003,449.038,424.686,449.04220000000004
8380,412.6073333333333,449.074,424.71799999999996,449.0782666666667
8390,412.63666666666666,449.11,424.75,449.1143333333334
8400,412.666,449.146,424.782,449.15040000000005
8410,412.69533333333334,449.182,424.81399999999996,449.1864666666667
8420,412.7246666666667,449.218,424.846,449.22253333333333
8430,412.754,449.254,424.878,449.2586
8440,412.78333333333336,449.29,424.90999999999997,449.29466666666667
8450,412.8126666666667,449.326,424.942,449.33073333333334
8460,412.842,449.362,424.974,449.3668
8470,412.8713333333333,449.398,425.006,449.4028666666667
8480,412.90066666666667,449.434,425.038,449.43893333333335
8490,412.93,449.47,425.07,449.475
8500,412.96,449.5046666666667,425.102,449.51000000000005
8510,412.99,449.53933333333333,425.134,449.545
8520,413.02,449.574,425.166,449.58000000000004
8530,413.05,449.6086666666667,425.198,449.615
8540,413.08,449.6433333333334,425.23,449.65000000000003
8550,413.11,449.678,425.262,449.685
8560,413.14,449.7126666666667,425.294,449.72
8570,413.17,449.74733333333336,425.326,449.755
8580,413.2,449.78200000000004,425.358,449.79
8590,413.23,449.81666666666666,425.39,449.825
8600,413.26,449.85133333333334,425.422,449.86
8610,413.29,449.886,425.454,449.895
8620,413.32,449.9206666666667,425.486,449.93
8630,413.35,449.95533333333333,425.51800000000003,449.965
8640,413.38,449.99,425.55,450.0
8650,413.40933333333334,449.85333333333335,425.55466666666666,449.863
8660,413.4386666666667,449.7166666666667,425.55933333333337,449.726
8670,413.468,449.58,425.564,449.589
8680,413.4973333333333,449.4433333333333,425.5686666666667,449.452
8690,413.52666666666664,449.3066666666667,425.5733333333333,449.315
8700,413.556,449.17,425.57800000000003,449.178
8710,413.5853333333333,449.03333333333336,425.5826666666667,449.041
8720,413.61466666666666,448.89666666666665,425.58733333333333,448.904
8730,413.644,448.76,425.592,448.767
8740,413.67333333333335,448.62333333333333,425.5966666666667,448.63
8750,413.7026666666667,448.4866666666667,425.60133333333334,448.493
8760,413.73199999999997,448.35,425.606,448.356
8770,413.7613333333333,448.2133333333333,425.61066666666665,448.219
8780,413.79066666666665,448.07666666666665,425.61533333333335,448.082
8790,413.82,447.94,425.62,447.945
8800,413.84999999999997,447.8106666666667,425.618,447.8157333333333
8810,413.88,447.6813333333333,425.616,447.68646666666666
8820,413.90999999999997,447.552,425.614,447.55719999999997
8830,413.94,447.42266666666666,425.612,447.4279333333333
8840,413.96999999999997,447.29333333333335,425.61,447.29866666666663
8850,414.0,447.164,425.608,447.1694
8860,414.03,447.0346666666667,425.606,447.0401333333333
8870,414.06,446.9053333333333,425.604,446.91086666666666
8880,414.09,446.776,425.602,446.78159999999997
8890,414.12,446.64666666666665,425.59999999999997,446.65233333333333
8900,414.15,446.51733333333334,425.59799999999996,446.52306666666664
8910,414.18,446.388,425.596,446.3938
8920,414.21,446.25866666666667,425.594,446.2645333333333
8930,414.24,446.1293333333333,425.592,446.13526666666667
8940,414.27,446.0,425.59,446.006
8950,414.3,445.87466666666666,425.584,445.88059999999996
8960,414.33,445.7493333333333,425.578,445.7552
8970,414.36,445.624,425.572,445.6298
8980,414.39,445.4986666666667,425.566,445.5044
8990,414.42,445.37333333333333,425.56,445.37899999999996
9000,414.45,445.248,425.554,445.2536
9010,414.48,445.12266666666665,425.548,445.1282
9020,414.51,444.99733333333336,425.542,445.0028
9030,414.54,444.872,425.536,444.87739999999997
9040,414.57,444.74666666666667,425.53,444.752
9050,414.6,444.6213333333333,425.524,444.6266
9060,414.63,444.496,425.518,444.5012
9070,414.66,444.3706666666667,425.512,444.37579999999997
9080,414.69,444.24533333333335,425.506,444.2504
9090,414.72,444.12,425.5,444.125
9100,414.74933333333337,443.99466666666666,425.49066666666664,443.9996
9110,414.7786666666667,443.8693333333333,425.48133333333334,443.87420000000003
9120,414.80800000000005,443.744,425.472,443.7488
9130,414.83733333333333,443.6186666666667,425.4626666666667,443.6234
9140,414.8666666666667,443.49333333333334,425.4533333333333,443.498
9150,414.896,443.368,425.444,443.37260000000003
9160,414.92533333333336,443.24266666666665,425.43466666666666,443.2472
9170,414.9546666666667,443.11733333333336,425.42533333333336,443.1218
9180,414.98400000000004,442.992,425.416,442.9964
9190,415.0133333333334,442.8666666666667,425.4066666666667,442.87100000000004
9200,415.0426666666667,442.74133333333333,425.39733333333334,442.7456
9210,415.072,442.616,425.38800000000003,442.6202
9220,415.10133333333334,442.4906666666667,425.3786666666667,442.4948
9230,415.1306666666667,442.36533333333335,425.3693333333334,442.36940000000004
9240,415.16,442.24,425.36,442.244
9250,415.19,442.11466666666666,425.348,442.1186
9260,415.22,441.9893333333333,425.336,441.9932
9270,415.25,441.86400000000003,425.324,441.86780000000005
9280,415.28000000000003,441.7386666666667,425.312,441.74240000000003
9290,415.31,441.61333333333334,425.3,441.617
9300,415.34000000000003,441.488,425.288,441.4916
9310,415.37,441.36266666666666,425.276,441.3662
9320,415.40000000000003,441.23733333333337,425.264,441.24080000000004
9330,415.43,441.112,425.252,441.1154
9340,415.46000000000004,440.9866666666667,425.24,440.99
9350,415.49,440.86133333333333,425.228,440.8646
9360,415.52000000000004,440.736,425.216,440.7392
9370,415.55,440.6106666666667,425.204,440.6138
9380,415.58000000000004,440.48533333333336,425.192,440.4884
9390,415.61,440.36,425.18,440.363
9400,415.63933333333335,440.23466666666667,425.16533333333336,440.2376
9410,415.6686666666667,440.1093333333333,425.15066666666667,440.11220000000003
9420,415.69800000000004,439.98400000000004,425.136,439.9868
9430,415.7273333333333,439.8586666666667,425.1213333333333,439.8614
9440,415.75666666666666,439.73333333333335,425.1066666666667,439.736
9450,415.786,439.608,425.092,439.61060000000003
9460,415.81533333333334,439.48266666666666,425.07733333333334,439.4852
9470,415.8446666666667,439.3573333333334,425.06266666666664,439.3598
9480,415.874,439.232,425.048,439.2344
9490,415.90333333333336,439.1066666666667,425.0333333333333,439.10900000000004
9500,415.9326666666667,438.98133333333334,425.01866666666666,438.9836
9510,415.962,438.856,425.00399999999996,438.8582
9520,415.99133333333333,438.7306666666667,424.9893333333333,438.7328
9530,416.02066666666667,438.60533333333336,424.9746666666666,438.60740000000004
9540,416.05,438.48,424.96,438.482
9550,416.07933333333335,438.3546666666667,424.9433333333333,438.3566
9560,416.1086666666667,438.22933333333333,424.9266666666666,438.2312
9570,416.13800000000003,438.10400000000004,424.90999999999997,438.10580000000004
9580,416.1673333333333,437.9786666666667,424.8933333333333,437.98040000000003
9590,416.19666666666666,437.85333333333335,424.87666666666667,437.855
9600,416.226,437.728,424.85999999999996,437.7296
9610,416.25533333333334,437.60266666666666,424.8433333333333,437.6042
9620,416.2846666666667,437.4773333333334,424.82666666666665,437.47880000000004
9630,416.314,437.35200000000003,424.81,437.3534
9640,416.34333333333336,437.2266666666667,424.7933333333333,437.228
9650,416.3726666666667,437.10133333333334,424.77666666666664,437.1026
9660,416.402,436.976,424.76,436.9772
9670,416.4313333333333,436.8506666666667,424.74333333333334,436.8518
9680,416.46066666666667,436.72533333333337,424.72666666666663,436.7264
9690,416.49,436.6,424.71,436.601
9700,416.51800000000003,436.4746666666667,424.69066666666663,436.4756
9710,416.546,436.34933333333333,424.67133333333334,436.35020000000003
9720,416.574,436.22400000000005,424.652,436.2248
9730,416.60200000000003,436.0986666666667,424.63266666666664,436.0994
9740,416.63,435.97333333333336,424.61333333333334,435.974
9750,416.658,435.848,424.594,435.84860000000003
9760,416.68600000000004,435.72266666666667,424.57466666666664,435.7232
9770,416.714,435.5973333333334,424.55533333333335,435.5978
9780,416.742,435.47200000000004,424.536,435.4724
9790,416.77000000000004,435.3466666666667,424.51666666666665,435.34700000000004
9800,416.798,435.22133333333335,424.49733333333336,435.2216
9810,416.826,435.096,424.478,435.0962
9820,416.85400000000004,434.9706666666667,424.45866666666666,434.9708
9830,416.882,434.8453333333334,424.43933333333337,434.84540000000004
9840,416.91,434.72,424.42,434.72
9850,416.93666666666667,434.61400000000003,424.402,434.6139
9860,416.96333333333337,434.50800000000004,424.384,434.50780000000003
9870,416.99,434.40200000000004,424.366,434.4017
9880,417.0166666666667,434.296,424.348,434.29560000000004
9890,417.04333333333335,434.19,424.33,434.1895
9900,417.07,434.084,424.312,434.0834
9910,417.0966666666667,433.978,424.294,433.9773
9920,417.12333333333333,433.872,424.276,433.8712
9930,417.15000000000003,433.766,424.258,433.7651
9940,417.1766666666667,433.66,424.24,433.659
9950,417.2033333333333,433.55400000000003,424.222,433.55289999999997
9960,417.23,433.448,424.204,433.4468
9970,417.25666666666666,433.342,424.186,433.34069999999997
9980,417.28333333333336,433.236,424.168,433.2346
9990,417.31,433.13,424.15,433.1285
10000,417.3353333333333,433.024,424.1313333333333,433.02239999999995
10010,417.36066666666665,432.918,424.11266666666666,432.9163
10020,417.386,432.812,424.094,432.81019999999995
10030,417.41133333333335,432.706,424.07533333333333,432.7041
10040,417.43666666666667,432.6,424.0566666666667,432.59799999999996
10050,417.462,432.494,424.038,432.4919
10060,417.4873333333333,432.38800000000003,424.01933333333335,432.38579999999996
10070,417.5126666666667,432.282,424.00066666666663,432.2797
10080,417.538,432.176,423.98199999999997,432.17359999999996
10090,417.56333333333333,432.07,423.9633333333333,432.0675
10100,417.58866666666665,431.964,423.94466666666665,431.96139999999997
10110,417.614,431.858,423.926,431.8553
10120,417.63933333333335,431.752,423.9073333333333,431.7492
10130,417.6646666666667,431.646,423.88866666666667,431.6431
10140,417.69,431.54,423.87,431.537
10150,417.7146666666667,431.434,423.85,431.43089999999995
10160,417.7393333333333,431.32800000000003,423.83,431.3248
10170,417.764,431.22200000000004,423.81,431.21869999999996
10180,417.78866666666664,431.116,423.79,431.1126
10190,417.81333333333333,431.01,423.77,431.00649999999996
10200,417.838,430.904,423.75,430.9004
10210,417.86266666666666,430.798,423.73,430.79429999999996
10220,417.88733333333334,430.692,423.71,430.6882
10230,417.912,430.586,423.69,430.58209999999997
10240,417.93666666666667,430.48,423.67,430.476
10250,417.96133333333336,430.374,423.65,430.3699
10260,417.986,430.268,423.63,430.2638
10270,418.0106666666667,430.162,423.61,430.1577
10280,418.0353333333333,430.056,423.59,430.0516
10290,418.06,429.95,423.57,429.9455
10300,418.0826666666667,429.8433333333333,423.54866666666663,429.83939999999996
10310,418.1053333333333,429.7366666666667,423.52733333333333,429.7333
10320,418.128,429.63,423.506,429.62719999999996
10330,418.15066666666667,429.5233333333333,423.48466666666667,429.5211
10340,418.17333333333335,429.4166666666667,423.4633333333333,429.41499999999996
10350,418.19599999999997,429.31,423.442,429.3089
10360,418.21866666666665,429.2033333333333,423.42066666666665,429.20279999999997
10370,418.24133333333333,429.0966666666667,423.39933333333335,429.0967
10380,418.264,428.99,423.378,428.9906
10390,418.28666666666663,428.8833333333333,423.3566666666667,428.8845
10400,418.3093333333333,428.7766666666667,423.3353333333333,428.7784
10410,418.332,428.67,423.314,428.6723
10420,418.3546666666667,428.56333333333333,423.29266666666666,428.5662
10430,418.3773333333333,428.4566666666667,423.27133333333336,428.4601
10440,418.4,428.35,423.25,428.354
10450,418.42066666666665,428.244,423.228,428.2479
10460,418.4413333333333,428.13800000000003,423.206,428.1418
10470,418.462,428.03200000000004,423.184,428.0357
10480,418.48266666666666,427.926,423.162,427.9296
10490,418.50333333333333,427.82,423.14,427.8235
10500,418.524,427.714,423.118,427.71740000000005
10510,418.54466666666667,427.608,423.096,427.6113
10520,418.5653333333333,427.502,423.074,427.50520000000006
10530,418.58599999999996,427.396,423.052,427.39910000000003
10540,418.6066666666666,427.29,423.03000000000003,427.29300000000006
10550,418.6273333333333,427.184,423.00800000000004,427.1869000000001
10560,418.64799999999997,427.078,422.986,427.08080000000007
10570,418.66866666666664,426.972,422.964,426.9747000000001
10580,418.6893333333333,426.866,422.942,426.8686000000001
10590,418.71,426.76,422.92,426.7625000000001
10600,418.72999999999996,426.654,422.896,426.6564000000001
10610,418.75,426.548,422.872,426.5503000000001
10620,418.77,426.442,422.848,426.4442000000001
10630,418.78999999999996,426.336,422.824,426.33810000000005
10640,418.81,426.23,422.8,426.2320000000001
10650,418.83,426.124,422.776,426.12590000000006
10660,418.84999999999997,426.01800000000003,422.752,426.01980000000003
10670,418.87,425.912,422.728,425.91370000000006
10680,418.89,425.806,422.704,425.80760000000004
10690,418.90999999999997,425.7,422.68,425.7015
10700,418.93,425.594,422.656,425.59540000000004
10710,418.95,425.488,422.632,425.4893
10720,418.96999999999997,425.382,422.608,425.3832
10730,418.99,425.276,422.584,425.2771
10740,419.01,425.17,422.56,425.171
10750,419.02733333333333,425.0706666666667,422.5366666666667,425.0713333333333
10760,419.04466666666667,424.97133333333335,422.5133333333333,424.97166666666664
10770,419.062,424.872,422.49,424.872
10780,419.0793333333333,424.7726666666667,422.46666666666664,424.77233333333334
10790,419.09666666666664,424.67333333333335,422.4433333333333,424.67266666666666
10800,419.114,424.574,422.42,424.573
10810,419.1313333333333,424.4746666666667,422.39666666666665,424.4733333333333
10820,419.14866666666666,424.37533333333334,422.37333333333333,424.3736666666667
10830,419.166,424.276,422.34999999999997,424.274
10840,419.18333333333334,424.1766666666667,422.32666666666665,424.1743333333333
10850,419.2006666666667,424.07733333333334,422.30333333333334,424.07466666666664
10860,419.21799999999996,423.978,422.28,423.97499999999997
10870,419.2353333333333,423.8786666666667,422.25666666666666,423.87533333333334
10880,419.25266666666664,423.77933333333334,422.2333333333333,423.77566666666667
10890,419.27,423.68,422.21,423.676
10900,419.28666666666663,423.59333333333336,422.1873333333333,423.5892
10910,419.30333333333334,423.50666666666666,422.1646666666667,423.50239999999997
10920,419.32,423.42,422.142,423.4156
10930,419.33666666666664,423.3333333333333,422.1193333333333,423.3288
10940,419.3533333333333,423.24666666666667,422.09666666666664,423.242
10950,419.37,423.16,422.074,423.1552
10960,419.38666666666666,423.0733333333333,422.05133333333333,423.0684
10970,419.4033333333333,422.9866666666667,422.02866666666665,422.9816
10980,419.41999999999996,422.9,422.006,422.89480000000003
10990,419.43666666666667,422.81333333333333,421.98333333333335,422.808
11000,419.4533333333333,422.7266666666667,421.96066666666667,422.7212
11010,419.46999999999997,422.64,421.938,422.6344
11020,419.4866666666666,422.55333333333334,421.9153333333333,422.54760000000005
11030,419.50333333333333,422.46666666666664,421.8926666666667,422.4608
11040,419.52,422.38,421.87,422.374
11050,419.5346666666666,422.29266666666666,421.8473333333333,422.28720000000004
11060,419.5493333333333,422.20533333333333,421.82466666666664,422.2004
11070,419.56399999999996,422.118,421.802,422.1136
11080,419.57866666666666,422.03066666666666,421.77933333333334,422.02680000000004
11090,419.5933333333333,421.9433333333333,421.75666666666666,421.94
11100,419.608,421.856,421.734,421.8532
11110,419.62266666666665,421.76866666666666,421.7113333333333,421.76640000000003
11120,419.63733333333334,421.6813333333333,421.6886666666667,421.6796
11130,419.652,421.594,421.666,421.5928
11140,419.6666666666667,421.50666666666666,421.6433333333333,421.50600000000003
11150,419.6813333333333,421.4193333333333,421.62066666666664,421.4192
11160,419.696,421.332,421.59799999999996,421.3324
11170,419.71066666666667,421.24466666666666,421.57533333333333,421.2456
11180,419.72533333333337,421.1573333333333,421.55266666666665,421.1588
11190,419.74,421.07,421.53,421.072
11200,419.7526666666667,420.98333333333335,421.506,420.9852
11210,419.76533333333333,420.89666666666665,421.48199999999997,420.8984
11220,419.778,420.81,421.45799999999997,420.8116
11230,419.79066666666665,420.7233333333333,421.43399999999997,420.7248
11240,419.80333333333334,420.63666666666666,421.40999999999997,420.638
11250,419.81600000000003,420.55,421.38599999999997,420.5512
11260,419.82866666666666,420.4633333333333,421.36199999999997,420.4644
11270,419.84133333333335,420.37666666666667,421.338,420.3776
11280,419.854,420.28999999999996,421.314,420.2908
11290,419.8666666666667,420.2033333333333,421.29,420.204
11300,419.87933333333336,420.1166666666667,421.266,420.11719999999997
11310,419.892,420.03,421.242,420.0304
11320,419.9046666666667,419.9433333333333,421.218,419.9436
11330,419.9173333333333,419.8566666666666,421.194,419.85679999999996
11340,419.93,419.77,421.17,419.77
11350,419.9413333333333,419.68333333333334,421.146,419.6832
11360,419.9526666666667,419.59666666666664,421.122,419.59639999999996
11370,419.964,419.51,421.098,419.5096
11380,419.97533333333337,419.42333333333335,421.074,419.4228
11390,419.9866666666667,419.33666666666664,421.05,419.336
11400,419.998,419.25,421.026,419.2492
11410,420.00933333333336,419.16333333333336,421.002,419.1624
11420,420.02066666666667,419.07666666666665,420.978,419.0756
11430,420.03200000000004,418.99,420.954,418.9888
11440,420.04333333333335,418.90333333333336,420.93,418.902
11450,420.05466666666666,418.81666666666666,420.906,418.8152
11460,420.06600000000003,418.73,420.882,418.7284
11470,420.07733333333334,418.6433333333334,420.858,418.64160000000004
11480,420.0886666666667,418.5566666666667,420.834,418.5548
11490,420.1,418.47,420.81,418.468
11500,420.1093333333334,418.3833333333334,420.7853333333333,418.38120000000004
11510,420.1186666666667,418.2966666666667,420.7606666666667,418.2944
11520,420.12800000000004,418.21000000000004,420.736,418.2076
11530,420.13733333333334,418.12333333333333,420.71133333333336,418.12080000000003
11540,420.1466666666667,418.0366666666667,420.68666666666667,418.034
11550,420.156,417.95000000000005,420.662,417.9472
11560,420.16533333333336,417.86333333333334,420.63733333333334,417.8604
11570,420.17466666666667,417.7766666666667,420.61266666666666,417.7736
11580,420.184,417.69,420.588,417.6868
11590,420.1933333333333,417.60333333333335,420.56333333333333,417.6
11600,420.2026666666667,417.5166666666667,420.53866666666664,417.5132
11610,420.212,417.43,420.514,417.4264
11620,420.22133333333335,417.34333333333336,420.4893333333333,417.3396
11630,420.23066666666665,417.25666666666666,420.4646666666667,417.2528
11640,420.24,417.17,420.44,417.166
11650,420.2486666666667,417.08333333333337,420.414,417.0792
11660,420.25733333333335,416.99666666666667,420.388,416.9924
11670,420.266,416.91,420.362,416.9056
11680,420.2746666666667,416.8233333333333,420.336,416.8188
11690,420.28333333333336,416.7366666666667,420.31,416.73199999999997
11700,420.29200000000003,416.65000000000003,420.284,416.6452
11710,420.3006666666667,416.56333333333333,420.258,416.5584
11720,420.3093333333333,416.4766666666667,420.232,416.47159999999997
11730,420.318,416.39,420.206,416.3848
11740,420.32666666666665,416.30333333333334,420.18,416.298
11750,420.3353333333333,416.2166666666667,420.154,416.21119999999996
11760,420.344,416.13,420.128,416.1244
11770,420.35266666666666,416.04333333333335,420.10200000000003,416.0376
11780,420.36133333333333,415.95666666666665,420.076,415.95079999999996
11790,420.37,415.87,420.05,415.864
11800,420.37666666666667,415.796,420.0253333333333,415.79006666666663
11810,420.3833333333333,415.722,420.0006666666667,415.7161333333333
11820,420.39,415.648,419.976,415.6422
11830,420.3966666666667,415.574,419.95133333333337,415.56826666666666
11840,420.40333333333336,415.5,419.9266666666667,415.4943333333333
11850,420.41,415.426,419.902,415.4204
11860,420.4166666666667,415.352,419.87733333333335,415.34646666666663
11870,420.42333333333335,415.278,419.85266666666666,415.27253333333334
11880,420.43,415.204,419.82800000000003,415.1986
11890,420.43666666666667,415.13,419.80333333333334,415.12466666666666
11900,420.4433333333333,415.056,419.77866666666665,415.0507333333333
11910,420.45000000000005,414.98199999999997,419.754,414.97679999999997
11920,420.4566666666667,414.908,419.72933333333333,414.9028666666667
11930,420.46333333333337,414.834,419.7046666666667,414.82893333333334
11940,420.47,414.76,419.68,414.755
11950,420.47533333333337,414.69266666666664,419.6566666666667,414.6875
11960,420.4806666666667,414.62533333333334,419.6333333333333,414.62
11970,420.48600000000005,414.558,419.61,414.5525
11980,420.49133333333333,414.49066666666664,419.58666666666664,414.485
11990,420.49666666666667,414.42333333333335,419.56333333333333,414.4175
12000,420.502,414.356,419.54,414.35
12010,420.50733333333335,414.28866666666664,419.51666666666665,414.2825
12020,420.5126666666667,414.22133333333335,419.49333333333334,414.215
12030,420.51800000000003,414.154,419.46999999999997,414.1475
12040,420.52333333333337,414.08666666666664,419.44666666666666,414.08
12050,420.5286666666667,414.01933333333335,419.42333333333335,414.0125
12060,420.534,413.952,419.4,413.945
12070,420.53933333333333,413.88466666666665,419.37666666666667,413.8775
12080,420.54466666666667,413.81733333333335,419.3533333333333,413.81
12090,420.55,413.75,419.33,413.7425
12100,420.55333333333334,413.682,419.306,413.675
12110,420.5566666666667,413.614,419.282,413.6075
12120,420.56,413.546,419.258,413.54
12130,420.56333333333333,413.478,419.234,413.4725
12140,420.56666666666666,413.41,419.21,413.40500000000003
12150,420.57,413.342,419.186,413.33750000000003
12160,420.5733333333333,413.274,419.162,413.27000000000004
12170,420.5766666666667,413.206,419.13800000000003,413.2025
12180,420.58000000000004,413.13800000000003,419.11400000000003,413.135
12190,420.58333333333337,413.07,419.09000000000003,413.0675
12200,420.5866666666667,413.002,419.06600000000003,413.0
12210,420.59000000000003,412.934,419.04200000000003,412.9325
12220,420.59333333333336,412.86600000000004,419.01800000000003,412.865
12230,420.5966666666667,412.798,418.994,412.7975
12240,420.6,412.73,418.97,412.73
12250,420.60266666666666,412.66266666666667,418.946,412.6625
12260,420.60533333333336,412.5953333333334,418.922,412.595
12270,420.608,412.528,418.898,412.52750000000003
12280,420.6106666666667,412.46066666666667,418.874,412.46
12290,420.61333333333334,412.3933333333334,418.85,412.3925
12300,420.616,412.326,418.826,412.325
12310,420.6186666666667,412.25866666666667,418.802,412.2575
12320,420.6213333333333,412.1913333333334,418.778,412.19
12330,420.624,412.124,418.754,412.1225
12340,420.62666666666667,412.0566666666667,418.73,412.055
12350,420.6293333333333,411.9893333333334,418.706,411.9875
12360,420.632,411.922,418.682,411.91999999999996
12370,420.63466666666665,411.8546666666667,418.658,411.85249999999996
12380,420.63733333333334,411.7873333333334,418.634,411.78499999999997
12390,420.64,411.72,418.61,411.7175
12400,420.6413333333333,411.6526666666667,418.586,411.65
12410,420.6426666666667,411.5853333333334,418.562,411.5825
12420,420.644,411.51800000000003,418.538,411.515
12430,420.6453333333333,411.4506666666667,418.514,411.4475
12440,420.64666666666665,411.3833333333333,418.49,411.38
12450,420.648,411.31600000000003,418.466,411.3125
12460,420.64933333333335,411.2486666666667,418.442,411.245
12470,420.65066666666667,411.1813333333333,418.418,411.17749999999995
12480,420.652,411.114,418.394,411.10999999999996
12490,420.65333333333336,411.0466666666667,418.37,411.04249999999996
12500,420.6546666666667,410.97933333333333,418.346,410.97499999999997
12510,420.656,410.912,418.322,410.90749999999997
12520,420.6573333333333,410.8446666666666,418.298,410.84
12530,420.6586666666667,410.77733333333333,418.274,410.7725
12540,420.66,410.71,418.25,410.705
12550,420.66,410.6426666666666,418.2246666666667,410.6375
12560,420.66,410.57533333333333,418.19933333333336,410.57
12570,420.66,410.508,418.174,410.5025
12580,420.66,410.44066666666663,418.14866666666666,410.435
12590,420.66,410.37333333333333,418.12333333333333,410.3675
12600,420.66,410.306,418.098,410.3
12610,420.66,410.23866666666663,418.0726666666667,410.2325
12620,420.66,410.17133333333334,418.0473333333333,410.16499999999996
12630,420.66,410.104,418.022,410.09749999999997
12640,420.66,410.03666666666663,417.99666666666667,410.03
12650,420.66,409.96933333333334,417.97133333333335,409.9625
12660,420.66,409.902,417.946,409.895
12670,420.66,409.83466666666664,417.92066666666665,409.8275
12680,420.66,409.76733333333334,417.8953333333333,409.76
12690,420.66,409.7,417.87,409.6925
12700,420.6586666666667,409.632,417.8446666666667,409.625
12710,420.6573333333333,409.56399999999996,417.81933333333336,409.5575
12720,420.656,409.496,417.794,409.49
12730,420.6546666666667,409.428,417.76866666666666,409.4225
12740,420.65333333333336,409.36,417.74333333333334,409.355
12750,420.652,409.292,417.718,409.2875
12760,420.65066666666667,409.224,417.6926666666667,409.22
12770,420.64933333333335,409.156,417.6673333333333,409.1525
12780,420.648,409.088,417.642,409.085
12790,420.64666666666665,409.02,417.6166666666667,409.0175
12800,420.6453333333333,408.952,417.59133333333335,408.95
12810,420.644,408.884,417.56600000000003,408.8825
12820,420.6426666666667,408.81600000000003,417.54066666666665,408.815
12830,420.6413333333333,408.748,417.51533333333333,408.7475
12840,420.64,408.68,417.49,408.68
12850,420.638,408.632,417.46733333333333,408.6318
12860,420.63599999999997,408.584,417.44466666666665,408.5836
12870,420.634,408.536,417.422,408.5354
12880,420.632,408.488,417.39933333333335,408.48720000000003
12890,420.63,408.44,417.37666666666667,408.439
12900,420.628,408.392,417.354,408.3908
12910,420.626,408.344,417.3313333333333,408.3426
12920,420.624,408.296,417.3086666666667,408.2944
12930,420.622,408.248,417.286,408.2462
12940,420.62,408.2,417.2633333333333,408.198
12950,420.618,408.152,417.24066666666664,408.14979999999997
12960,420.616,408.104,417.21799999999996,408.1016
12970,420.61400000000003,408.056,417.19533333333334,408.0534
12980,420.612,408.008,417.17266666666666,408.0052
12990,420.61,407.96,417.15,407.957
13000,420.606,407.912,417.1273333333333,407.9088
13010,420.60200000000003,407.864,417.1046666666667,407.8606
13020,420.598,407.816,417.082,407.81239999999997
13030,420.594,407.768,417.0593333333333,407.7642
13040,420.59000000000003,407.71999999999997,417.03666666666663,407.716
13050,420.586,407.67199999999997,417.014,407.6678
13060,420.582,407.62399999999997,416.99133333333333,407.6196
13070,420.57800000000003,407.576,416.96866666666665,407.5714
13080,420.574,407.528,416.94599999999997,407.5232
13090,420.57,407.48,416.92333333333335,407.47499999999997
13100,420.56600000000003,407.432,416.90066666666667,407.42679999999996
13110,420.562,407.384,416.878,407.3786
13120,420.558,407.336,416.8553333333333,407.3304
13130,420.55400000000003,407.288,416.8326666666667,407.2822
13140,420.55,407.24,416.81,407.234
13150,420.546,407.192,416.788,407.1858
13160,420.54200000000003,407.144,416.766,407.13759999999996
13170,420.538,407.096,416.744,407.0894
13180,420.534,407.048,416.722,407.0412
13190,420.53000000000003,407.0,416.7,406.993
13200,420.526,406.952,416.678,406.9448
13210,420.522,406.904,416.656,406.8966
13220,420.51800000000003,406.856,416.634,406.8484
13230,420.514,406.808,416.612,406.8002
13240,420.51,406.76,416.59000000000003,406.752
13250,420.50600000000003,406.712,416.56800000000004,406.7038
13260,420.502,406.664,416.546,406.6556
13270,420.498,406.616,416.524,406.60740000000004
13280,420.494,406.568,416.502,406.55920000000003
13290,420.49,406.52,416.48,406.511
13300,420.48466666666667,406.4713333333333,416.45733333333334,406.4628
13310,420.47933333333333,406.42266666666666,416.43466666666666,406.4146
13320,420.474,406.37399999999997,416.41200000000003,406.3664
13330,420.4686666666667,406.32533333333333,416.38933333333335,406.31820000000005
13340,420.46333333333337,406.27666666666664,416.3666666666667,406.27000000000004
13350,420.458,406.228,416.344,406.22180000000003
13360,420.4526666666667,406.1793333333333,416.3213333333333,406.1736
13370,420.44733333333335,406.1306666666667,416.2986666666667,406.1254
13380,420.442,406.082,416.276,406.0772
13390,420.43666666666667,406.03333333333336,416.25333333333333,406.029
13400,420.4313333333333,405.98466666666667,416.23066666666665,405.9808
13410,420.42600000000004,405.93600000000004,416.20799999999997,405.93260000000004
13420,420.4206666666667,405.88733333333334,416.18533333333335,405.8844
13430,420.41533333333336,405.8386666666667,416.16266666666667,405.8362
13440,420.41,405.79,416.14,405.788
13450,420.40333333333336,405.742,416.1173333333333,405.7398
13460,420.3966666666667,405.694,416.0946666666667,405.6916
13470,420.39000000000004,405.646,416.072,405.6434
13480,420.3833333333333,405.598,416.0493333333333,405.59520000000003
13490,420.37666666666667,405.55,416.02666666666664,405.547
13500,420.37,405.502,416.004,405.4988
13510,420.36333333333334,405.454,415.98133333333334,405.4506
13520,420.3566666666667,405.406,415.95866666666666,405.4024
13530,420.35,405.358,415.936,405.3542
13540,420.34333333333336,405.31,415.91333333333336,405.306
13550,420.3366666666667,405.262,415.8906666666667,405.2578
13560,420.33,405.214,415.868,405.2096
13570,420.3233333333333,405.166,415.8453333333333,405.1614
13580,420.31666666666666,405.118,415.8226666666667,405.1132
13590,420.31,405.07,415.8,405.065
13600,420.30266666666665,405.022,415.77733333333333,405.0168
13610,420.29533333333336,404.974,415.75466666666665,404.9686
13620,420.288,404.926,415.732,404.9204
13630,420.28066666666666,404.878,415.70933333333335,404.8722
13640,420.2733333333333,404.83,415.68666666666667,404.824
13650,420.266,404.782,415.664,404.7758
13660,420.25866666666667,404.734,415.6413333333333,404.7276
13670,420.2513333333333,404.68600000000004,415.6186666666667,404.6794
13680,420.24399999999997,404.63800000000003,415.596,404.6312
13690,420.2366666666667,404.59000000000003,415.5733333333333,404.58299999999997
13700,420.22933333333333,404.54200000000003,415.55066666666664,404.53479999999996
13710,420.222,404.494,415.52799999999996,404.4866
13720,420.21466666666663,404.446,415.50533333333334,404.4384
13730,420.20733333333334,404.398,415.48266666666666,404.3902
13740,420.2,404.35,415.46,404.342
13750,420.192,404.3066666666667,415.4373333333333,404.29859999999996
13760,420.18399999999997,404.2633333333334,415.4146666666667,404.2552
13770,420.176,404.22,415.392,404.2118
13780,420.168,404.1766666666667,415.3693333333333,404.16839999999996
13790,420.15999999999997,404.1333333333333,415.34666666666664,404.125
13800,420.152,404.09000000000003,415.324,404.0816
13810,420.144,404.0466666666667,415.30133333333333,404.03819999999996
13820,420.13599999999997,404.00333333333333,415.27866666666665,403.9948
13830,420.128,403.96,415.256,403.9514
13840,420.12,403.9166666666667,415.23333333333335,403.90799999999996
13850,420.11199999999997,403.87333333333333,415.21066666666667,403.8646
13860,420.104,403.83,415.188,403.8212
13870,420.096,403.78666666666663,415.1653333333333,403.77779999999996
13880,420.08799999999997,403.74333333333334,415.1426666666667,403.7344
13890,420.08,403.7,415.12,403.691
13900,420.0713333333333,403.666,415.09933333333333,403.6572
13910,420.06266666666664,403.632,415.07866666666666,403.6234
13920,420.054,403.598,415.058,403.58959999999996
13930,420.0453333333333,403.56399999999996,415.0373333333333,403.5558
13940,420.03666666666663,403.53,415.01666666666665,403.522
13950,420.02799999999996,403.496,414.996,403.4882
13960,420.0193333333333,403.462,414.9753333333333,403.4544
13970,420.0106666666667,403.428,414.9546666666667,403.4206
13980,420.002,403.394,414.934,403.3868
13990,419.99333333333334,403.36,414.91333333333336,403.353
14000,419.98466666666667,403.326,414.8926666666667,403.3192
14010,419.976,403.292,414.872,403.28540000000004
14020,419.96733333333333,403.258,414.85133333333334,403.2516
14030,419.95866666666666,403.224,414.8306666666667,403.2178
14040,419.95,403.19,414.81,403.184
14050,419.94066666666663,403.156,414.78933333333333,403.15020000000004
14060,419.9313333333333,403.122,414.76866666666666,403.1164
14070,419.92199999999997,403.088,414.748,403.0826
14080,419.91266666666667,403.054,414.7273333333333,403.0488
14090,419.9033333333333,403.02,414.70666666666665,403.01500000000004
14100,419.894,402.986,414.686,402.9812
14110,419.88466666666665,402.952,414.6653333333333,402.9474
14120,419.87533333333334,402.918,414.6446666666667,402.91360000000003
14130,419.866,402.884,414.624,402.87980000000005
14140,419.8566666666667,402.85,414.60333333333335,402.846
14150,419.8473333333333,402.81600000000003,414.5826666666667,402.8122
14160,419.838,402.782,414.562,402.77840000000003
14170,419.82866666666666,402.748,414.54133333333334,402.74460000000005
14180,419.81933333333336,402.714,414.52066666666667,402.7108
14190,419.81,402.68,414.5,402.677
14200,419.7993333333333,402.64666666666665,414.47933333333333,402.64320000000004
14210,419.78866666666664,402.61333333333334,414.45866666666666,402.6094
14220,419.778,402.58,414.438,402.5756
14230,419.76733333333334,402.5466666666667,414.4173333333333,402.5418
14240,419.75666666666666,402.5133333333333,414.39666666666665,402.50800000000004
14250,419.746,402.48,414.376,402.4742
14260,419.7353333333333,402.44666666666666,414.3553333333333,402.4404
14270,419.7246666666667,402.41333333333336,414.3346666666667,402.4066
14280,419.714,402.38,414.314,402.37280000000004
14290,419.7033333333333,402.3466666666667,414.29333333333335,402.339
14300,419.69266666666664,402.31333333333333,414.2726666666667,402.3052
14310,419.68199999999996,402.28000000000003,414.252,402.2714
14320,419.67133333333334,402.24666666666667,414.23133333333334,402.23760000000004
14330,419.66066666666666,402.21333333333337,414.21066666666667,402.2038
14340,419.65,402.18,414.19,402.17
14350,419.6393333333333,402.1553333333333,414.17066666666665,402.1454
14360,419.6286666666667,402.1306666666667,414.15133333333335,402.12080000000003
14370,419.618,402.106,414.132,402.0962
14380,419.6073333333333,402.08133333333336,414.11266666666666,402.0716
14390,419.59666666666664,402.0566666666667,414.0933333333333,402.047
14400,419.586,402.032,414.074,402.0224
14410,419.57533333333333,402.00733333333335,414.05466666666666,401.9978
14420,419.56466666666665,401.98266666666666,414.0353333333333,401.9732
14430,419.554,401.958,414.01599999999996,401.9486
14440,419.54333333333335,401.93333333333334,413.99666666666667,401.924
14450,419.53266666666667,401.90866666666665,413.9773333333333,401.8994
14460,419.522,401.884,413.95799999999997,401.8748
14470,419.5113333333333,401.8593333333333,413.9386666666666,401.8502
14480,419.5006666666667,401.8346666666667,413.9193333333333,401.8256
14490,419.49,401.81,413.9,401.801
14500,419.4786666666667,401.7853333333333,413.882,401.77639999999997
14510,419.46733333333333,401.7606666666667,413.864,401.7518
14520,419.456,401.736,413.846,401.7272
14530,419.44466666666665,401.71133333333336,413.828,401.7026
14540,419.43333333333334,401.68666666666667,413.81,401.678
14550,419.422,401.662,413.792,401.6534
14560,419.41066666666666,401.63733333333334,413.774,401.6288
14570,419.39933333333335,401.61266666666666,413.756,401.6042
14580,419.388,401.588,413.738,401.5796
14590,419.37666666666667,401.56333333333333,413.71999999999997,401.555
14600,419.36533333333335,401.53866666666664,413.702,401.5304
14610,419.354,401.514,413.68399999999997,401.5058
14620,419.3426666666667,401.4893333333333,413.666,401.4812
14630,419.3313333333333,401.4646666666667,413.64799999999997,401.45660000000004
14640,419.32,401.44,413.63,401.432
14650,419.308,401.4153333333333,413.61133333333333,401.4074
14660,419.296,401.3906666666667,413.5926666666667,401.38280000000003
14670,419.284,401.366,413.574,401.3582
14680,419.272,401.34133333333335,413.55533333333335,401.3336
14690,419.26,401.31666666666666,413.5366666666667,401.309
14700,419.248,401.292,413.51800000000003,401.2844
14710,419.236,401.26733333333334,413.49933333333337,401.2598
14720,419.224,401.24266666666665,413.48066666666665,401.2352
14730,419.212,401.218,413.462,401.2106
14740,419.2,401.1933333333333,413.4433333333333,401.186
14750,419.188,401.16866666666664,413.42466666666667,401.1614
14760,419.176,401.144,413.406,401.1368
14770,419.164,401.1193333333333,413.38733333333334,401.1122
14780,419.152,401.0946666666667,413.3686666666667,401.0876
14790,419.14,401.07,413.35,401.063
14800,419.1273333333333,401.052,413.3326666666667,401.04546666666664
14810,419.11466666666666,401.034,413.31533333333334,401.02793333333335
14820,419.102,401.016,413.298,401.0104
14830,419.08933333333334,400.998,413.28066666666666,400.99286666666666
14840,419.07666666666665,400.98,413.2633333333333,400.9753333333333
14850,419.06399999999996,400.962,413.246,400.9578
14860,419.05133333333333,400.944,413.22866666666664,400.9402666666667
14870,419.03866666666664,400.926,413.21133333333336,400.9227333333333
14880,419.026,400.908,413.194,400.9052
14890,419.0133333333333,400.89,413.1766666666667,400.8876666666667
14900,419.00066666666663,400.872,413.15933333333334,400.87013333333334
14910,418.988,400.854,413.142,400.8526
14920,418.9753333333333,400.836,413.12466666666666,400.83506666666665
14930,418.9626666666667,400.818,413.1073333333333,400.81753333333336
14940,418.95,400.8,413.09,400.8
14950,418.9373333333333,400.786,413.0733333333333,400.786
14960,418.92466666666667,400.772,413.0566666666666,400.772
14970,418.912,400.758,413.03999999999996,400.758
14980,418.89933333333335,400.744,413.0233333333333,400.744
14990,418.88666666666666,400.73,413.00666666666666,400.73
15000,418.87399999999997,400.716,412.98999999999995,400.716
15010,418.86133333333333,400.702,412.9733333333333,400.702
15020,418.84866666666665,400.688,412.95666666666665,400.688
15030,418.836,400.674,412.94,400.674
15040,418.8233333333333,400.65999999999997,412.9233333333333,400.65999999999997
15050,418.81066666666663,400.64599999999996,412.90666666666664,400.64599999999996
15060,418.798,400.632,412.89,400.632
15070,418.7853333333333,400.618,412.87333333333333,400.618
15080,418.7726666666667,400.604,412.8566666666666,400.604
15090,418.76,400.59,412.84,400.59
15100,418.74666666666667,400.57599999999996,412.82399999999996,400.57599999999996
15110,418.73333333333335,400.56199999999995,412.808,400.56199999999995
15120,418.71999999999997,400.548,412.792,400.548
15130,418.70666666666665,400.534,412.776,400.534
15140,418.6933333333333,400.52,412.76,400.52
15150,418.68,400.506,412.74399999999997,400.506
15160,418.6666666666667,400.49199999999996,412.728,400.49199999999996
15170,418.6533333333333,400.478,412.712,400.478
15180,418.64,400.464,412.696,400.464
15190,418.62666666666667,400.45,412.68,400.45
15200,418.61333333333334,400.436,412.664,400.436
15210,418.6,400.42199999999997,412.648,400.42199999999997
15220,418.58666666666664,400.408,412.632,400.408
15230,418.5733333333333,400.394,412.61600000000004,400.394
15240,418.56,400.38,412.6,400.38
15250,418.5466666666667,400.3693333333333,412.5853333333334,400.3688888888889
15260,418.53333333333336,400.3586666666667,412.5706666666667,400.35777777777776
15270,418.52,400.348,412.55600000000004,400.3466666666667
15280,418.50666666666666,400.33733333333333,412.54133333333334,400.3355555555556
15290,418.49333333333334,400.32666666666665,412.5266666666667,400.32444444444445
15300,418.48,400.31600000000003,412.512,400.31333333333333
15310,418.4666666666667,400.30533333333335,412.49733333333336,400.3022222222222
15320,418.4533333333333,400.29466666666667,412.48266666666666,400.29111111111115
15330,418.44,400.284,412.468,400.28000000000003
15340,418.4266666666667,400.27333333333337,412.4533333333333,400.2688888888889
15350,418.41333333333336,400.2626666666667,412.4386666666667,400.2577777777778
15360,418.40000000000003,400.252,412.424,400.24666666666667
15370,418.38666666666666,400.24133333333333,412.40933333333334,400.2355555555556
15380,418.37333333333333,400.2306666666667,412.39466666666664,400.2244444444445
15390,418.36,400.22,412.38,400.21333333333337
15400,418.346,400.2146666666667,412.366,400.208
15410,418.332,400.20933333333335,412.352,400.2026666666667
15420,418.318,400.204,412.338,400.19733333333335
15430,418.30400000000003,400.19866666666667,412.324,400.192
15440,418.29,400.1933333333333,412.31,400.18666666666667
15450,418.276,400.188,412.296,400.1813333333333
15460,418.262,400.18266666666665,412.282,400.176
15470,418.248,400.17733333333337,412.26800000000003,400.1706666666667
15480,418.234,400.172,412.254,400.16533333333336
15490,418.21999999999997,400.1666666666667,412.24,400.16
15500,418.20599999999996,400.16133333333335,412.226,400.1546666666667
15510,418.192,400.156,412.212,400.14933333333335
15520,418.178,400.15066666666667,412.19800000000004,400.144
15530,418.164,400.1453333333333,412.184,400.13866666666667
15540,418.15,400.14,412.17,400.1333333333333
15550,418.13599999999997,400.13466666666665,412.156,400.128
15560,418.12199999999996,400.1293333333333,412.142,400.12266666666665
15570,418.108,400.12399999999997,412.128,400.1173333333333
15580,418.094,400.1186666666667,412.11400000000003,400.11199999999997
15590,418.08,400.11333333333334,412.1,400.1066666666666
15600,418.066,400.108,412.086,400.1013333333333
15610,418.05199999999996,400.10266666666666,412.072,400.09599999999995
15620,418.038,400.0973333333333,412.058,400.09066666666666
15630,418.024,400.092,412.044,400.0853333333333
15640,418.01,400.08666666666664,412.03,400.08
15650,417.996,400.0813333333333,412.01599999999996,400.07466666666664
15660,417.98199999999997,400.076,412.002,400.0693333333333
15670,417.968,400.0706666666667,411.988,400.06399999999996
15680,417.954,400.06533333333334,411.974,400.0586666666666
15690,417.94,400.06,411.96,400.0533333333333
15700,417.92533333333336,400.056,411.9473333333333,400.0497777777777
15710,417.91066666666666,400.052,411.93466666666666,400.0462222222222
15720,417.896,400.048,411.92199999999997,400.0426666666666
15730,417.8813333333333,400.044,411.90933333333334,400.0391111111111
15740,417.8666666666667,400.04,411.89666666666665,400.0355555555555
15750,417.85200000000003,400.036,411.88399999999996,400.032
15760,417.83733333333333,400.032,411.8713333333333,400.0284444444444
15770,417.8226666666667,400.028,411.85866666666664,400.0248888888889
15780,417.808,400.024,411.846,400.0213333333333
15790,417.79333333333335,400.02,411.8333333333333,400.0177777777778
15800,417.7786666666667,400.016,411.8206666666666,400.0142222222222
15810,417.764,400.012,411.808,400.0106666666667
15820,417.74933333333337,400.008,411.7953333333333,400.0071111111111
15830,417.73466666666667,400.004,411.78266666666667,400.0035555555556
15840,417.72,400.0,411.77,400.0
