Time (s),T_outer (C),T_inner (C),T_avg (C),Input Temperature (C)
0.0,590.0,590.0,590.0,590.0
10.0,590.0,585.28,589.52,585.2777777777778
20.0,590.0,580.56,588.95,580.5555555555555
30.0,590.0,575.83,588.34,575.8333333333334
40.0,590.0,571.11,587.69,571.1111111111111
50.0,590.0,566.39,587.01,566.3888888888889
60.0,590.0,561.67,586.31,561.6666666666666
70.0,590.0,556.94,585.59,556.9444444444445
80.0,590.0,552.22,584.84,552.2222222222222
90.0,590.0,547.5,584.08,547.5
100.0,590.0,542.78,583.3,542.7777777777778
110.0,590.0,538.06,582.5,538.0555555555555
120.0,590.0,533.33,581.68,533.3333333333334
130.0,590.0,528.61,580.86,528.6111111111111
140.0,590.0,523.89,580.01,523.8888888888889
150.0,590.0,519.17,579.16,519.1666666666666
160.0,590.0,514.44,578.28,514.4444444444445
170.0,590.0,509.72,577.4,509.72222222222223
180.0,590.0,505.0,576.51,505.0
190.0,590.0,501.94,575.77,501.94444444444446
200.0,590.0,498.89,575.05,498.8888888888889
210.0,590.0,495.83,574.34,495.8333333333333
220.0,590.0,492.78,573.62,492.77777777777777
230.0,590.0,489.72,572.91,489.72222222222223
240.0,590.0,486.67,572.2,486.6666666666667
250.0,590.0,483.61,571.48,483.6111111111111
260.0,590.0,480.56,570.76,480.55555555555554
270.0,590.0,477.5,570.04,477.5
280.0,590.0,474.44,569.32,474.44444444444446
290.0,590.0,471.39,568.59,471.3888888888889
300.0,590.0,468.33,567.86,468.3333333333333
310.0,590.0,465.28,567.12,465.27777777777777
320.0,590.0,462.22,566.39,462.22222222222223
330.0,590.0,459.17,565.64,459.1666666666667
340.0,590.0,456.11,564.9,456.1111111111111
350.0,590.0,453.06,564.15,453.05555555555554
360.0,590.0,450.0,563.4,450.0
370.0,590.0,448.19,562.77,448.19444444444446
380.0,590.0,446.39,562.16,446.3888888888889
390.0,590.0,444.58,561.56,444.5833333333333
400.0,590.0,442.78,560.96,442.77777777777777
410.0,590.0,440.97,560.37,440.97222222222223
420.0,590.0,439.17,559.78,439.1666666666667
430.0,590.0,437.36,559.19,437.3611111111111
440.0,590.0,435.56,558.61,435.55555555555554
450.0,590.0,433.75,558.02,433.75
460.0,590.0,431.94,557.44,431.94444444444446
470.0,589.99,430.14,556.86,430.1388888888889
480.0,589.99,428.33,556.28,428.3333333333333
490.0,589.99,426.53,555.7,426.52777777777777
500.0,589.99,424.72,555.11,424.72222222222223
510.0,589.99,422.92,554.53,422.9166666666667
520.0,589.99,421.11,553.95,421.1111111111111
530.0,589.99,419.31,553.37,419.30555555555554
540.0,589.98,417.5,552.79,417.5
550.0,589.98,415.69,552.21,415.69444444444446
560.0,589.98,413.89,551.63,413.8888888888889
570.0,589.98,412.08,551.05,412.0833333333333
580.0,589.97,410.28,550.47,410.27777777777777
590.0,589.97,408.47,549.89,408.47222222222223
600.0,589.97,406.67,549.3,406.6666666666667
610.0,589.96,404.86,548.72,404.8611111111111
620.0,589.96,403.06,548.13,403.05555555555554
630.0,589.95,401.25,547.55,401.25
640.0,589.95,399.44,546.96,399.44444444444446
650.0,589.94,397.64,546.38,397.6388888888889
660.0,589.93,395.83,545.79,395.8333333333333
670.0,589.93,394.03,545.2,394.02777777777777
680.0,589.92,392.22,544.61,392.22222222222223
690.0,589.91,390.42,544.02,390.4166666666667
700.0,589.9,388.61,543.43,388.6111111111111
710.0,589.9,386.81,542.84,386.80555555555554
720.0,589.89,385.0,542.25,385.0
730.0,589.88,383.61,541.7,383.6111111111111
740.0,589.87,382.22,541.15,382.22222222222223
750.0,589.85,380.83,540.61,380.8333333333333
760.0,589.84,379.44,540.07,379.44444444444446
770.0,589.83,378.06,539.53,378.05555555555554
780.0,589.82,376.67,539.0,376.6666666666667
790.0,589.8,375.28,538.46,375.27777777777777
800.0,589.79,373.89,537.93,373.8888888888889
810.0,589.77,372.5,537.39,372.5
820.0,589.75,371.11,536.86,371.1111111111111
830.0,589.74,369.72,536.32,369.72222222222223
840.0,589.72,368.33,535.79,368.3333333333333
850.0,589.7,366.94,535.25,366.94444444444446
860.0,589.68,365.56,534.72,365.55555555555554
870.0,589.66,364.17,534.19,364.1666666666667
880.0,589.64,362.78,533.65,362.77777777777777
890.0,589.61,361.39,533.12,361.3888888888889
900.0,589.59,360.0,532.59,360.0
910.0,589.57,358.61,532.05,358.6111111111111
920.0,589.54,357.22,531.52,357.22222222222223
930.0,589.51,355.83,530.99,355.8333333333333
940.0,589.49,354.44,530.45,354.44444444444446
950.0,589.46,353.06,529.92,353.05555555555554
960.0,589.43,351.67,529.39,351.6666666666667
970.0,589.4,350.28,528.85,350.27777777777777
980.0,589.37,348.89,528.32,348.8888888888889
990.0,589.33,347.5,527.79,347.5
1000.0,589.3,346.11,527.25,346.1111111111111
1010.0,589.26,344.72,526.72,344.72222222222223
1020.0,589.23,343.33,526.18,343.3333333333333
1030.0,589.19,341.94,525.65,341.94444444444446
1040.0,589.15,340.56,525.11,340.55555555555554
1050.0,589.11,339.17,524.57,339.1666666666667
1060.0,589.07,337.78,524.04,337.77777777777777
1070.0,589.03,336.39,523.5,336.3888888888889
1080.0,588.98,335.0,522.96,335.0
1090.0,588.94,334.17,522.48,334.1666666666667
1100.0,588.89,333.33,522.01,333.3333333333333
1110.0,588.85,332.5,521.55,332.5
1120.0,588.8,331.67,521.08,331.6666666666667
1130.0,588.75,330.83,520.62,330.8333333333333
1140.0,588.7,330.0,520.17,330.0
1150.0,588.65,329.17,519.71,329.1666666666667
1160.0,588.59,328.33,519.26,328.3333333333333
1170.0,588.54,327.5,518.81,327.5
1180.0,588.48,326.67,518.34,326.6666666666667
1190.0,588.42,325.83,517.88,325.8333333333333
1200.0,588.37,325.0,517.42,325.0
1210.0,588.31,324.17,516.96,324.1666666666667
1220.0,588.25,323.33,516.51,323.3333333333333
1230.0,588.18,322.5,516.06,322.5
1240.0,588.12,321.67,515.61,321.6666666666667
1250.0,588.05,320.83,515.16,320.8333333333333
1260.0,587.99,320.0,514.71,320.0
1270.0,587.92,319.17,514.27,319.1666666666667
1280.0,587.85,318.33,513.82,318.3333333333333
1290.0,587.78,317.5,513.38,317.5
1300.0,587.71,316.67,512.93,316.6666666666667
1310.0,587.64,315.83,512.49,315.8333333333333
1320.0,587.56,315.0,512.05,315.0
1330.0,587.49,314.17,511.61,314.1666666666667
1340.0,587.41,313.33,511.17,313.3333333333333
1350.0,587.33,312.5,510.73,312.5
1360.0,587.25,311.67,510.29,311.6666666666667
1370.0,587.17,310.83,509.86,310.8333333333333
1380.0,587.09,310.0,509.42,310.0
1390.0,587.0,309.17,508.98,309.1666666666667
1400.0,586.92,308.33,508.55,308.3333333333333
1410.0,586.83,307.5,508.11,307.5
1420.0,586.75,306.67,507.67,306.6666666666667
1430.0,586.66,305.83,507.24,305.8333333333333
1440.0,586.57,305.0,506.81,305.0
1450.0,586.47,304.44,506.4,304.44444444444446
1460.0,586.38,303.89,506.0,303.8888888888889
1470.0,586.29,303.33,505.6,303.3333333333333
1480.0,586.19,302.78,505.21,302.77777777777777
1490.0,586.09,302.22,504.81,302.22222222222223
1500.0,585.99,301.67,504.42,301.6666666666667
1510.0,585.89,301.11,504.03,301.1111111111111
1520.0,585.79,300.56,503.65,300.55555555555554
1530.0,585.69,300.0,503.26,300.0
1540.0,585.59,299.44,502.87,299.44444444444446
1550.0,585.48,298.89,502.49,298.8888888888889
1560.0,585.37,298.33,502.11,298.3333333333333
1570.0,585.27,297.78,501.72,297.77777777777777
1580.0,585.16,297.22,501.34,297.22222222222223
1590.0,585.05,296.67,500.96,296.6666666666667
1600.0,584.93,296.11,500.58,296.1111111111111
1610.0,584.82,295.56,500.21,295.55555555555554
1620.0,584.71,295.0,499.83,295.0
1630.0,584.59,294.44,499.45,294.44444444444446
1640.0,584.47,293.89,499.08,293.8888888888889
1650.0,584.36,293.33,498.7,293.3333333333333
1660.0,584.24,292.78,498.33,292.77777777777777
1670.0,584.11,292.22,497.95,292.22222222222223
1680.0,583.99,291.67,497.58,291.6666666666667
1690.0,583.87,291.11,497.21,291.1111111111111
1700.0,583.74,290.56,496.83,290.55555555555554
1710.0,583.62,290.0,496.46,290.0
1720.0,583.49,289.44,496.09,289.44444444444446
1730.0,583.36,288.89,495.72,288.8888888888889
1740.0,583.23,288.33,495.35,288.3333333333333
1750.0,583.1,287.78,494.98,287.77777777777777
1760.0,582.97,287.22,494.61,287.22222222222223
1770.0,582.83,286.67,494.25,286.6666666666667
1780.0,582.7,286.11,493.88,286.1111111111111
1790.0,582.56,285.56,493.51,285.55555555555554
1800.0,582.43,285.0,493.13,285.0
1810.0,582.29,284.58,492.76,284.5833333333333
1820.0,582.15,284.17,492.39,284.1666666666667
1830.0,582.01,283.75,492.03,283.75
1840.0,581.86,283.33,491.67,283.3333333333333
1850.0,581.72,282.92,491.31,282.9166666666667
1860.0,581.58,282.5,490.96,282.5
1870.0,581.43,282.08,490.6,282.0833333333333
1880.0,581.28,281.67,490.25,281.6666666666667
1890.0,581.14,281.25,489.9,281.25
1900.0,580.99,280.83,489.55,280.8333333333333
1910.0,580.84,280.42,489.2,280.4166666666667
1920.0,580.68,280.0,488.85,280.0
1930.0,580.53,279.58,488.51,279.5833333333333
1940.0,580.38,279.17,488.16,279.1666666666667
1950.0,580.22,278.75,487.81,278.75
1960.0,580.07,278.33,487.47,278.3333333333333
1970.0,579.91,277.92,487.13,277.9166666666667
1980.0,579.75,277.5,486.79,277.5
1990.0,579.59,277.08,486.44,277.0833333333333
2000.0,579.43,276.67,486.1,276.6666666666667
2010.0,579.27,276.25,485.76,276.25
2020.0,579.11,275.83,485.43,275.8333333333333
2030.0,578.94,275.42,485.09,275.4166666666667
2040.0,578.78,275.0,484.75,275.0
2050.0,578.61,274.58,484.41,274.5833333333333
2060.0,578.45,274.17,484.07,274.1666666666667
2070.0,578.28,273.75,483.74,273.75
2080.0,578.11,273.33,483.4,273.3333333333333
2090.0,577.94,272.92,483.07,272.9166666666667
2100.0,577.77,272.5,482.73,272.5
2110.0,577.6,272.08,482.4,272.0833333333333
2120.0,577.42,271.67,482.07,271.6666666666667
2130.0,577.25,271.25,481.73,271.25
2140.0,577.07,270.83,481.4,270.8333333333333
2150.0,576.9,270.42,481.07,270.4166666666667
2160.0,576.72,270.0,480.74,270.0
2170.0,576.54,269.72,480.42,269.72222222222223
2180.0,576.36,269.44,480.11,269.44444444444446
2190.0,576.18,269.17,479.79,269.1666666666667
2200.0,576.0,268.89,479.48,268.8888888888889
2210.0,575.82,268.61,479.17,268.6111111111111
2220.0,575.64,268.33,478.87,268.3333333333333
2230.0,575.46,268.06,478.56,268.05555555555554
2240.0,575.27,267.78,478.25,267.77777777777777
2250.0,575.09,267.5,477.95,267.5
2260.0,574.9,267.22,477.64,267.22222222222223
2270.0,574.71,266.94,477.34,266.94444444444446
2280.0,574.52,266.67,477.03,266.6666666666667
2290.0,574.34,266.39,476.73,266.3888888888889
2300.0,574.15,266.11,476.43,266.1111111111111
2310.0,573.96,265.83,476.13,265.8333333333333
2320.0,573.76,265.56,475.83,265.55555555555554
2330.0,573.57,265.28,475.53,265.27777777777777
2340.0,573.38,265.0,475.23,265.0
2350.0,573.18,264.72,474.93,264.72222222222223
2360.0,572.99,264.44,474.64,264.44444444444446
2370.0,572.79,264.17,474.34,264.1666666666667
2380.0,572.6,263.89,474.04,263.8888888888889
2390.0,572.4,263.61,473.75,263.6111111111111
2400.0,572.2,263.33,473.45,263.3333333333333
2410.0,572.0,263.06,473.15,263.05555555555554
2420.0,571.8,262.78,472.86,262.77777777777777
2430.0,571.6,262.5,472.57,262.5
2440.0,571.4,262.22,472.27,262.22222222222223
2450.0,571.2,261.94,471.98,261.94444444444446
2460.0,571.0,261.67,471.69,261.6666666666667
2470.0,570.79,261.39,471.39,261.3888888888889
2480.0,570.59,261.11,471.1,261.1111111111111
2490.0,570.38,260.83,470.81,260.8333333333333
2500.0,570.18,260.56,470.52,260.55555555555554
2510.0,569.97,260.28,470.23,260.27777777777777
2520.0,569.77,260.0,469.94,260.0
2530.0,569.56,259.78,469.66,259.77777777777777
2540.0,569.35,259.56,469.37,259.55555555555554
2550.0,569.14,259.33,469.09,259.3333333333333
2560.0,568.93,259.11,468.81,259.1111111111111
2570.0,568.72,258.89,468.53,258.8888888888889
2580.0,568.51,258.67,468.25,258.6666666666667
2590.0,568.3,258.44,467.97,258.44444444444446
2600.0,568.08,258.22,467.69,258.22222222222223
2610.0,567.87,258.0,467.42,258.0
2620.0,567.66,257.78,467.14,257.77777777777777
2630.0,567.44,257.56,466.86,257.55555555555554
2640.0,567.23,257.33,466.59,257.3333333333333
2650.0,567.01,257.11,466.31,257.1111111111111
2660.0,566.79,256.89,466.03,256.8888888888889
2670.0,566.58,256.67,465.76,256.6666666666667
2680.0,566.36,256.44,465.48,256.44444444444446
2690.0,566.14,256.22,465.21,256.22222222222223
2700.0,565.92,256.0,464.94,256.0
2710.0,565.7,255.78,464.66,255.77777777777777
2720.0,565.48,255.56,464.39,255.55555555555554
2730.0,565.26,255.33,464.12,255.33333333333334
2740.0,565.04,255.11,463.85,255.11111111111111
2750.0,564.82,254.89,463.58,254.88888888888889
2760.0,564.6,254.67,463.3,254.66666666666666
2770.0,564.37,254.44,463.03,254.44444444444446
2780.0,564.15,254.22,462.76,254.22222222222223
2790.0,563.93,254.0,462.49,254.0
2800.0,563.7,253.78,462.22,253.77777777777777
2810.0,563.48,253.56,461.95,253.55555555555554
2820.0,563.25,253.33,461.68,253.33333333333334
2830.0,563.03,253.11,461.42,253.11111111111111
2840.0,562.8,252.89,461.15,252.88888888888889
2850.0,562.57,252.67,460.88,252.66666666666666
2860.0,562.35,252.44,460.61,252.44444444444446
2870.0,562.12,252.22,460.34,252.22222222222223
2880.0,561.89,252.0,460.08,252.0
2890.0,561.66,251.81,459.81,251.80555555555554
2900.0,561.43,251.61,459.55,251.61111111111111
2910.0,561.2,251.42,459.28,251.41666666666666
2920.0,560.97,251.22,459.0,251.22222222222223
2930.0,560.74,251.03,458.73,251.02777777777777
2940.0,560.51,250.83,458.46,250.83333333333334
2950.0,560.28,250.64,458.18,250.63888888888889
2960.0,560.04,250.44,457.91,250.44444444444446
2970.0,559.81,250.25,457.64,250.25
2980.0,559.58,250.06,457.37,250.05555555555554
2990.0,559.35,249.86,457.1,249.86111111111111
3000.0,559.11,249.67,456.83,249.66666666666666
3010.0,558.88,249.47,456.56,249.47222222222223
3020.0,558.64,249.28,456.29,249.27777777777777
3030.0,558.41,249.08,456.02,249.08333333333334
3040.0,558.17,248.89,455.75,248.88888888888889
3050.0,557.94,248.69,455.48,248.69444444444446
3060.0,557.7,248.5,455.22,248.5
3070.0,557.46,248.31,454.95,248.30555555555554
3080.0,557.23,248.11,454.69,248.11111111111111
3090.0,556.99,247.92,454.42,247.91666666666666
3100.0,556.75,247.72,454.16,247.72222222222223
3110.0,556.51,247.53,453.89,247.52777777777777
3120.0,556.28,247.33,453.63,247.33333333333334
3130.0,556.04,247.14,453.37,247.13888888888889
3140.0,555.8,246.94,453.1,246.94444444444446
3150.0,555.56,246.75,452.84,246.75
3160.0,555.32,246.56,452.58,246.55555555555554
3170.0,555.08,246.36,452.32,246.36111111111111
3180.0,554.84,246.17,452.06,246.16666666666666
3190.0,554.6,245.97,451.8,245.97222222222223
3200.0,554.36,245.78,451.54,245.77777777777777
3210.0,554.11,245.58,451.27,245.58333333333334
3220.0,553.87,245.39,451.01,245.38888888888889
3230.0,553.63,245.19,450.76,245.19444444444446
3240.0,553.39,245.0,450.5,245.0
3250.0,553.15,244.86,450.24,244.86111111111111
3260.0,552.9,244.72,449.99,244.72222222222223
3270.0,552.66,244.58,449.74,244.58333333333334
3280.0,552.42,244.44,449.49,244.44444444444446
3290.0,552.17,244.31,449.24,244.30555555555554
3300.0,551.93,244.17,448.99,244.16666666666666
3310.0,551.68,244.03,448.74,244.02777777777777
3320.0,551.44,243.89,448.5,243.88888888888889
3330.0,551.2,243.75,448.25,243.75
3340.0,550.95,243.61,448.0,243.61111111111111
3350.0,550.7,243.47,447.75,243.47222222222223
3360.0,550.46,243.33,447.51,243.33333333333334
3370.0,550.21,243.19,447.26,243.19444444444446
3380.0,549.97,243.06,447.02,243.05555555555554
3390.0,549.72,242.92,446.77,242.91666666666666
3400.0,549.47,242.78,446.53,242.77777777777777
3410.0,549.23,242.64,446.28,242.63888888888889
3420.0,548.98,242.5,446.04,242.5
3430.0,548.73,242.36,445.8,242.36111111111111
3440.0,548.49,242.22,445.55,242.22222222222223
3450.0,548.24,242.08,445.31,242.08333333333334
3460.0,547.99,241.94,445.07,241.94444444444446
3470.0,547.74,241.81,444.83,241.80555555555554
3480.0,547.49,241.67,444.59,241.66666666666666
3490.0,547.24,241.53,444.34,241.52777777777777
3500.0,547.0,241.39,444.1,241.38888888888889
3510.0,546.75,241.25,443.86,241.25
3520.0,546.5,241.11,443.62,241.11111111111111
3530.0,546.25,240.97,443.38,240.97222222222223
3540.0,546.0,240.83,443.14,240.83333333333334
3550.0,545.75,240.69,442.9,240.69444444444446
3560.0,545.5,240.56,442.66,240.55555555555554
3570.0,545.25,240.42,442.43,240.41666666666666
3580.0,545.0,240.28,442.19,240.27777777777777
3590.0,544.75,240.14,441.95,240.13888888888889
3600.0,544.49,240.0,441.71,240.0
3610.0,544.24,239.86,441.47,239.86111111111111
3620.0,543.99,239.72,441.24,239.72222222222223
3630.0,543.74,239.58,441.0,239.58333333333334
3640.0,543.49,239.44,440.76,239.44444444444446
3650.0,543.24,239.31,440.52,239.30555555555554
3660.0,542.99,239.17,440.29,239.16666666666666
3670.0,542.73,239.03,440.05,239.02777777777777
3680.0,542.48,238.89,439.82,238.88888888888889
3690.0,542.23,238.75,439.58,238.75
3700.0,541.98,238.61,439.34,238.61111111111111
3710.0,541.72,238.47,439.11,238.47222222222223
3720.0,541.47,238.33,438.87,238.33333333333334
3730.0,541.22,238.19,438.64,238.19444444444446
3740.0,540.96,238.06,438.4,238.05555555555554
3750.0,540.71,237.92,438.17,237.91666666666666
3760.0,540.46,237.78,437.94,237.77777777777777
3770.0,540.2,237.64,437.7,237.63888888888889
3780.0,539.95,237.5,437.47,237.5
3790.0,539.7,237.36,437.23,237.36111111111111
3800.0,539.44,237.22,437.0,237.22222222222223
3810.0,539.19,237.08,436.77,237.08333333333334
3820.0,538.93,236.94,436.54,236.94444444444446
3830.0,538.68,236.81,436.3,236.80555555555554
3840.0,538.42,236.67,436.07,236.66666666666666
3850.0,538.17,236.53,435.84,236.52777777777777
3860.0,537.92,236.39,435.61,236.38888888888889
3870.0,537.66,236.25,435.37,236.25
3880.0,537.41,236.11,435.14,236.11111111111111
3890.0,537.15,235.97,434.91,235.97222222222223
3900.0,536.9,235.83,434.68,235.83333333333334
3910.0,536.64,235.69,434.45,235.69444444444446
3920.0,536.38,235.56,434.22,235.55555555555554
3930.0,536.13,235.42,433.99,235.41666666666666
3940.0,535.87,235.28,433.76,235.27777777777777
3950.0,535.62,235.14,433.52,235.13888888888889
3960.0,535.36,235.0,433.29,235.0
3970.0,535.11,234.89,433.07,234.88888888888889
3980.0,534.85,234.78,432.84,234.77777777777777
3990.0,534.59,234.67,432.61,234.66666666666666
4000.0,534.34,234.56,432.39,234.55555555555554
4010.0,534.08,234.44,432.16,234.44444444444446
4020.0,533.83,234.33,431.94,234.33333333333334
4030.0,533.57,234.22,431.71,234.22222222222223
4040.0,533.31,234.11,431.49,234.11111111111111
4050.0,533.06,234.0,431.27,234.0
4060.0,532.8,233.89,431.04,233.88888888888889
4070.0,532.54,233.78,430.82,233.77777777777777
4080.0,532.29,233.67,430.59,233.66666666666666
4090.0,532.03,233.56,430.37,233.55555555555554
4100.0,531.77,233.44,430.15,233.44444444444446
4110.0,531.52,233.33,429.93,233.33333333333334
4120.0,531.26,233.22,429.7,233.22222222222223
4130.0,531.0,233.11,429.48,233.11111111111111
4140.0,530.75,233.0,429.26,233.0
4150.0,530.49,232.89,429.04,232.88888888888889
4160.0,530.23,232.78,428.82,232.77777777777777
4170.0,529.98,232.67,428.59,232.66666666666666
4180.0,529.72,232.56,428.37,232.55555555555554
4190.0,529.46,232.44,428.15,232.44444444444446
4200.0,529.21,232.33,427.93,232.33333333333334
4210.0,528.95,232.22,427.71,232.22222222222223
4220.0,528.69,232.11,427.49,232.11111111111111
4230.0,528.43,232.0,427.27,232.0
4240.0,528.18,231.89,427.05,231.88888888888889
4250.0,527.92,231.78,426.83,231.77777777777777
4260.0,527.66,231.67,426.61,231.66666666666666
4270.0,527.41,231.56,426.39,231.55555555555554
4280.0,527.15,231.44,426.17,231.44444444444446
4290.0,526.89,231.33,425.95,231.33333333333334
4300.0,526.63,231.22,425.74,231.22222222222223
4310.0,526.38,231.11,425.52,231.11111111111111
4320.0,526.12,231.0,425.3,231.0
4330.0,525.86,230.92,425.08,230.91666666666666
4340.0,525.6,230.83,424.87,230.83333333333334
4350.0,525.35,230.75,424.65,230.75
4360.0,525.09,230.67,424.44,230.66666666666666
4370.0,524.83,230.58,424.23,230.58333333333334
4380.0,524.57,230.5,424.01,230.5
4390.0,524.32,230.42,423.8,230.41666666666666
4400.0,524.06,230.33,423.59,230.33333333333334
4410.0,523.8,230.25,423.38,230.25
4420.0,523.55,230.17,423.16,230.16666666666666
4430.0,523.29,230.08,422.95,230.08333333333334
4440.0,523.03,230.0,422.74,230.0
4450.0,522.77,229.92,422.53,229.91666666666666
4460.0,522.52,229.83,422.32,229.83333333333334
4470.0,522.26,229.75,422.11,229.75
4480.0,522.0,229.67,421.9,229.66666666666666
4490.0,521.75,229.58,421.69,229.58333333333334
4500.0,521.49,229.5,421.48,229.5
4510.0,521.23,229.42,421.27,229.41666666666666
4520.0,520.97,229.33,421.06,229.33333333333334
4530.0,520.72,229.25,420.85,229.25
4540.0,520.46,229.17,420.64,229.16666666666666
4550.0,520.2,229.08,420.43,229.08333333333334
4560.0,519.95,229.0,420.22,229.0
4570.0,519.69,228.92,420.01,228.91666666666666
4580.0,519.43,228.83,419.8,228.83333333333334
4590.0,519.17,228.75,419.6,228.75
4600.0,518.92,228.67,419.39,228.66666666666666
4610.0,518.66,228.58,419.17,228.58333333333334
4620.0,518.4,228.5,418.96,228.5
4630.0,518.15,228.42,418.75,228.41666666666666
4640.0,517.89,228.33,418.53,228.33333333333334
4650.0,517.63,228.25,418.32,228.25
4660.0,517.38,228.17,418.1,228.16666666666666
4670.0,517.12,228.08,417.89,228.08333333333334
4680.0,516.86,228.0,417.68,228.0
4690.0,516.61,227.92,417.46,227.91666666666666
4700.0,516.35,227.83,417.25,227.83333333333334
4710.0,516.1,227.75,417.04,227.75
4720.0,515.84,227.67,416.82,227.66666666666666
4730.0,515.58,227.58,416.61,227.58333333333334
4740.0,515.33,227.5,416.4,227.5
4750.0,515.07,227.42,416.19,227.41666666666666
4760.0,514.81,227.33,415.97,227.33333333333334
4770.0,514.56,227.25,415.76,227.25
4780.0,514.3,227.17,415.55,227.16666666666666
4790.0,514.05,227.08,415.34,227.08333333333334
4800.0,513.79,227.0,415.13,227.0
4810.0,513.53,226.92,414.92,226.91666666666666
4820.0,513.28,226.83,414.71,226.83333333333334
4830.0,513.02,226.75,414.5,226.75
4840.0,512.77,226.67,414.29,226.66666666666666
4850.0,512.51,226.58,414.08,226.58333333333334
4860.0,512.26,226.5,413.87,226.5
4870.0,512.0,226.42,413.66,226.41666666666666
4880.0,511.75,226.33,413.45,226.33333333333334
4890.0,511.49,226.25,413.24,226.25
4900.0,511.23,226.17,413.04,226.16666666666666
4910.0,510.98,226.08,412.83,226.08333333333334
4920.0,510.72,226.0,412.62,226.0
4930.0,510.47,225.92,412.41,225.91666666666666
4940.0,510.21,225.83,412.2,225.83333333333334
4950.0,509.96,225.75,412.0,225.75
4960.0,509.7,225.67,411.79,225.66666666666666
4970.0,509.45,225.58,411.58,225.58333333333334
4980.0,509.19,225.5,411.38,225.5
4990.0,508.94,225.42,411.17,225.41666666666666
5000.0,508.68,225.33,410.96,225.33333333333334
5010.0,508.43,225.25,410.76,225.25
5020.0,508.18,225.17,410.55,225.16666666666666
5030.0,507.92,225.08,410.35,225.08333333333334
5040.0,507.67,225.0,410.14,225.0
5050.0,507.41,224.94,409.94,224.94444444444446
5060.0,507.16,224.89,409.74,224.88888888888889
5070.0,506.9,224.83,409.54,224.83333333333334
5080.0,506.65,224.78,409.34,224.77777777777777
5090.0,506.4,224.72,409.14,224.72222222222223
5100.0,506.14,224.67,408.94,224.66666666666666
5110.0,505.89,224.61,408.74,224.61111111111111
5120.0,505.63,224.56,408.54,224.55555555555554
5130.0,505.38,224.5,408.34,224.5
5140.0,505.13,224.44,408.14,224.44444444444446
5150.0,504.87,224.39,407.94,224.38888888888889
5160.0,504.62,224.33,407.74,224.33333333333334
5170.0,504.36,224.28,407.54,224.27777777777777
5180.0,504.11,224.22,407.35,224.22222222222223
5190.0,503.86,224.17,407.15,224.16666666666666
5200.0,503.6,224.11,406.95,224.11111111111111
5210.0,503.35,224.06,406.75,224.05555555555554
5220.0,503.1,224.0,406.56,224.0
5230.0,502.84,223.94,406.36,223.94444444444446
5240.0,502.59,223.89,406.17,223.88888888888889
5250.0,502.34,223.83,405.97,223.83333333333334
5260.0,502.09,223.78,405.77,223.77777777777777
5270.0,501.83,223.72,405.58,223.72222222222223
5280.0,501.58,223.67,405.38,223.66666666666666
5290.0,501.33,223.61,405.19,223.61111111111111
5300.0,501.07,223.56,404.99,223.55555555555554
5310.0,500.82,223.5,404.8,223.5
5320.0,500.57,223.44,404.6,223.44444444444446
5330.0,500.32,223.39,404.41,223.38888888888889
5340.0,500.06,223.33,404.22,223.33333333333334
5350.0,499.81,223.28,404.02,223.27777777777777
5360.0,499.56,223.22,403.83,223.22222222222223
5370.0,499.31,223.17,403.64,223.16666666666666
5380.0,499.06,223.11,403.44,223.11111111111111
5390.0,498.8,223.06,403.25,223.05555555555554
5400.0,498.55,223.0,403.06,223.0
5410.0,498.3,222.94,402.86,222.94444444444446
5420.0,498.05,222.89,402.67,222.88888888888889
5430.0,497.8,222.83,402.48,222.83333333333334
5440.0,497.55,222.78,402.29,222.77777777777777
5450.0,497.29,222.72,402.1,222.72222222222223
5460.0,497.04,222.67,401.91,222.66666666666666
5470.0,496.79,222.61,401.71,222.61111111111111
5480.0,496.54,222.56,401.52,222.55555555555554
5490.0,496.29,222.5,401.33,222.5
5500.0,496.04,222.44,401.14,222.44444444444446
5510.0,495.79,222.39,400.95,222.38888888888889
5520.0,495.54,222.33,400.76,222.33333333333334
5530.0,495.29,222.28,400.57,222.27777777777777
5540.0,495.04,222.22,400.38,222.22222222222223
5550.0,494.78,222.17,400.19,222.16666666666666
5560.0,494.53,222.11,400.0,222.11111111111111
5570.0,494.28,222.06,399.81,222.05555555555554
5580.0,494.03,222.0,399.62,222.0
5590.0,493.78,221.94,399.43,221.94444444444446
5600.0,493.53,221.89,399.24,221.88888888888889
5610.0,493.28,221.83,399.05,221.83333333333334
5620.0,493.03,221.78,398.87,221.77777777777777
5630.0,492.78,221.72,398.68,221.72222222222223
5640.0,492.53,221.67,398.49,221.66666666666666
5650.0,492.28,221.61,398.3,221.61111111111111
5660.0,492.04,221.56,398.11,221.55555555555554
5670.0,491.79,221.5,397.93,221.5
5680.0,491.54,221.44,397.74,221.44444444444446
5690.0,491.29,221.39,397.55,221.38888888888889
5700.0,491.04,221.33,397.36,221.33333333333334
5710.0,490.79,221.28,397.18,221.27777777777777
5720.0,490.54,221.22,396.99,221.22222222222223
5730.0,490.29,221.17,396.8,221.16666666666666
5740.0,490.04,221.11,396.62,221.11111111111111
5750.0,489.8,221.06,396.43,221.05555555555554
5760.0,489.55,221.0,396.24,221.0
5770.0,489.3,220.97,396.06,220.97222222222223
5780.0,489.05,220.94,395.88,220.94444444444446
5790.0,488.8,220.92,395.7,220.91666666666666
5800.0,488.55,220.89,395.51,220.88888888888889
5810.0,488.31,220.86,395.33,220.86111111111111
5820.0,488.06,220.83,395.15,220.83333333333334
5830.0,487.81,220.81,394.97,220.80555555555554
5840.0,487.56,220.78,394.79,220.77777777777777
5850.0,487.32,220.75,394.61,220.75
5860.0,487.07,220.72,394.43,220.72222222222223
5870.0,486.82,220.69,394.25,220.69444444444446
5880.0,486.58,220.67,394.07,220.66666666666666
5890.0,486.33,220.64,393.89,220.63888888888889
5900.0,486.08,220.61,393.71,220.61111111111111
5910.0,485.84,220.58,393.53,220.58333333333334
5920.0,485.59,220.56,393.35,220.55555555555554
5930.0,485.34,220.53,393.18,220.52777777777777
5940.0,485.1,220.5,393.0,220.5
5950.0,484.85,220.47,392.82,220.47222222222223
5960.0,484.61,220.44,392.64,220.44444444444446
5970.0,484.36,220.42,392.47,220.41666666666666
5980.0,484.11,220.39,392.29,220.38888888888889
5990.0,483.87,220.36,392.11,220.36111111111111
6000.0,483.62,220.33,391.93,220.33333333333334
6010.0,483.38,220.31,391.76,220.30555555555554
6020.0,483.13,220.28,391.58,220.27777777777777
6030.0,482.89,220.25,391.41,220.25
6040.0,482.64,220.22,391.23,220.22222222222223
6050.0,482.4,220.19,391.05,220.19444444444446
6060.0,482.15,220.17,390.88,220.16666666666666
6070.0,481.91,220.14,390.7,220.13888888888889
6080.0,481.66,220.11,390.53,220.11111111111111
6090.0,481.42,220.08,390.35,220.08333333333334
6100.0,481.18,220.06,390.18,220.05555555555554
6110.0,480.93,220.03,390.0,220.02777777777777
6120.0,480.69,220.0,389.83,220.0
6130.0,480.45,219.97,389.65,219.97222222222223
6140.0,480.2,219.94,389.48,219.94444444444446
6150.0,479.96,219.92,389.31,219.91666666666666
6160.0,479.72,219.89,389.13,219.88888888888889
6170.0,479.47,219.86,388.96,219.86111111111111
6180.0,479.23,219.83,388.79,219.83333333333334
6190.0,478.99,219.81,388.61,219.80555555555554
6200.0,478.74,219.78,388.44,219.77777777777777
6210.0,478.5,219.75,388.27,219.75
6220.0,478.26,219.72,388.09,219.72222222222223
6230.0,478.02,219.69,387.92,219.69444444444446
6240.0,477.77,219.67,387.75,219.66666666666666
6250.0,477.53,219.64,387.58,219.63888888888889
6260.0,477.29,219.61,387.41,219.61111111111111
6270.0,477.05,219.58,387.23,219.58333333333334
6280.0,476.81,219.56,387.06,219.55555555555554
6290.0,476.57,219.53,386.89,219.52777777777777
6300.0,476.33,219.5,386.72,219.5
6310.0,476.08,219.47,386.55,219.47222222222223
6320.0,475.84,219.44,386.38,219.44444444444446
6330.0,475.6,219.42,386.21,219.41666666666666
6340.0,475.36,219.39,386.04,219.38888888888889
6350.0,475.12,219.36,385.87,219.36111111111111
6360.0,474.88,219.33,385.7,219.33333333333334
6370.0,474.64,219.31,385.53,219.30555555555554
6380.0,474.4,219.28,385.36,219.27777777777777
6390.0,474.16,219.25,385.19,219.25
6400.0,473.92,219.22,385.02,219.22222222222223
6410.0,473.68,219.19,384.85,219.19444444444446
6420.0,473.44,219.17,384.68,219.16666666666666
6430.0,473.2,219.14,384.51,219.13888888888889
6440.0,472.96,219.11,384.34,219.11111111111111
6450.0,472.72,219.08,384.17,219.08333333333334
6460.0,472.49,219.06,384.0,219.05555555555554
6470.0,472.25,219.03,383.83,219.02777777777777
6480.0,472.01,219.0,383.66,219.0
6490.0,471.77,218.97,383.48,218.97222222222223
6500.0,471.53,218.94,383.31,218.94444444444446
6510.0,471.29,218.92,383.14,218.91666666666666
6520.0,471.06,218.89,382.97,218.88888888888889
6530.0,470.82,218.86,382.8,218.86111111111111
6540.0,470.58,218.83,382.63,218.83333333333334
6550.0,470.34,218.81,382.46,218.80555555555554
6560.0,470.11,218.78,382.29,218.77777777777777
6570.0,469.87,218.75,382.12,218.75
6580.0,469.63,218.72,381.95,218.72222222222223
6590.0,469.4,218.69,381.78,218.69444444444446
6600.0,469.16,218.67,381.61,218.66666666666666
6610.0,468.92,218.64,381.44,218.63888888888889
6620.0,468.69,218.61,381.27,218.61111111111111
6630.0,468.45,218.58,381.1,218.58333333333334
6640.0,468.21,218.56,380.93,218.55555555555554
6650.0,467.98,218.53,380.76,218.52777777777777
6660.0,467.74,218.5,380.6,218.5
6670.0,467.51,218.47,380.43,218.47222222222223
6680.0,467.27,218.44,380.26,218.44444444444446
6690.0,467.04,218.42,380.09,218.41666666666666
6700.0,466.8,218.39,379.92,218.38888888888889
6710.0,466.57,218.36,379.75,218.36111111111111
6720.0,466.33,218.33,379.59,218.33333333333334
6730.0,466.1,218.31,379.42,218.30555555555554
6740.0,465.86,218.28,379.25,218.27777777777777
6750.0,465.63,218.25,379.08,218.25
6760.0,465.39,218.22,378.91,218.22222222222223
6770.0,465.16,218.19,378.75,218.19444444444446
6780.0,464.93,218.17,378.58,218.16666666666666
6790.0,464.69,218.14,378.41,218.13888888888889
6800.0,464.46,218.11,378.25,218.11111111111111
6810.0,464.22,218.08,378.08,218.08333333333334
6820.0,463.99,218.06,377.91,218.05555555555554
6830.0,463.76,218.03,377.75,218.02777777777777
6840.0,463.52,218.0,377.58,218.0
6850.0,463.29,217.97,377.42,217.97222222222223
6860.0,463.06,217.94,377.25,217.94444444444446
6870.0,462.83,217.92,377.09,217.91666666666666
6880.0,462.59,217.89,376.92,217.88888888888889
6890.0,462.36,217.86,376.75,217.86111111111111
6900.0,462.13,217.83,376.59,217.83333333333334
6910.0,461.9,217.81,376.43,217.80555555555554
6920.0,461.66,217.78,376.26,217.77777777777777
6930.0,461.43,217.75,376.1,217.75
6940.0,461.2,217.72,375.93,217.72222222222223
6950.0,460.97,217.69,375.77,217.69444444444446
6960.0,460.74,217.67,375.6,217.66666666666666
6970.0,460.51,217.64,375.44,217.63888888888889
6980.0,460.28,217.61,375.28,217.61111111111111
6990.0,460.04,217.58,375.11,217.58333333333334
7000.0,459.81,217.56,374.95,217.55555555555554
7010.0,459.58,217.53,374.79,217.52777777777777
7020.0,459.35,217.5,374.62,217.5
7030.0,459.12,217.47,374.46,217.47222222222223
7040.0,458.89,217.44,374.3,217.44444444444446
7050.0,458.66,217.42,374.13,217.41666666666666
7060.0,458.43,217.39,373.97,217.38888888888889
7070.0,458.2,217.36,373.81,217.36111111111111
7080.0,457.97,217.33,373.65,217.33333333333334
7090.0,457.74,217.31,373.48,217.30555555555554
7100.0,457.51,217.28,373.32,217.27777777777777
7110.0,457.28,217.25,373.16,217.25
7120.0,457.05,217.22,373.0,217.22222222222223
7130.0,456.83,217.19,372.84,217.19444444444446
7140.0,456.6,217.17,372.68,217.16666666666666
7150.0,456.37,217.14,372.52,217.13888888888889
7160.0,456.14,217.11,372.35,217.11111111111111
7170.0,455.91,217.08,372.19,217.08333333333334
7180.0,455.68,217.06,372.03,217.05555555555554
7190.0,455.45,217.03,371.87,217.02777777777777
7200.0,455.23,217.0,371.71,217.0
7210.0,455.0,216.97,371.55,216.97222222222223
7220.0,454.77,216.94,371.39,216.94444444444446
7230.0,454.54,216.92,371.23,216.91666666666666
7240.0,454.32,216.89,371.07,216.88888888888889
7250.0,454.09,216.86,370.91,216.86111111111111
7260.0,453.86,216.83,370.75,216.83333333333334
7270.0,453.64,216.81,370.59,216.80555555555554
7280.0,453.41,216.78,370.43,216.77777777777777
7290.0,453.18,216.75,370.27,216.75
7300.0,452.96,216.72,370.12,216.72222222222223
7310.0,452.73,216.69,369.96,216.69444444444446
7320.0,452.5,216.67,369.8,216.66666666666666
7330.0,452.28,216.64,369.64,216.63888888888889
7340.0,452.05,216.61,369.48,216.61111111111111
7350.0,451.83,216.58,369.32,216.58333333333334
7360.0,451.6,216.56,369.17,216.55555555555554
7370.0,451.38,216.53,369.01,216.52777777777777
7380.0,451.15,216.5,368.85,216.5
7390.0,450.93,216.47,368.69,216.47222222222223
7400.0,450.7,216.44,368.53,216.44444444444446
7410.0,450.48,216.42,368.38,216.41666666666666
7420.0,450.25,216.39,368.22,216.38888888888889
7430.0,450.03,216.36,368.06,216.36111111111111
7440.0,449.8,216.33,367.91,216.33333333333334
7450.0,449.58,216.31,367.75,216.30555555555554
7460.0,449.36,216.28,367.59,216.27777777777777
7470.0,449.13,216.25,367.44,216.25
7480.0,448.91,216.22,367.28,216.22222222222223
7490.0,448.69,216.19,367.12,216.19444444444446
7500.0,448.46,216.17,366.97,216.16666666666666
7510.0,448.24,216.14,366.81,216.13888888888889
7520.0,448.02,216.11,366.65,216.11111111111111
7530.0,447.79,216.08,366.5,216.08333333333334
7540.0,447.57,216.06,366.34,216.05555555555554
7550.0,447.35,216.03,366.19,216.02777777777777
7560.0,447.13,216.0,366.03,216.0
7570.0,446.91,215.97,365.88,215.97222222222223
7580.0,446.68,215.94,365.72,215.94444444444446
7590.0,446.46,215.92,365.57,215.91666666666666
7600.0,446.24,215.89,365.41,215.88888888888889
7610.0,446.02,215.86,365.26,215.86111111111111
7620.0,445.8,215.83,365.1,215.83333333333334
7630.0,445.58,215.81,364.95,215.80555555555554
7640.0,445.36,215.78,364.8,215.77777777777777
7650.0,445.14,215.75,364.64,215.75
7660.0,444.92,215.72,364.49,215.72222222222223
7670.0,444.7,215.69,364.33,215.69444444444446
7680.0,444.48,215.67,364.18,215.66666666666666
7690.0,444.26,215.64,364.03,215.63888888888889
7700.0,444.04,215.61,363.87,215.61111111111111
7710.0,443.82,215.58,363.72,215.58333333333334
7720.0,443.6,215.56,363.57,215.55555555555554
7730.0,443.38,215.53,363.41,215.52777777777777
7740.0,443.16,215.5,363.26,215.5
7750.0,442.94,215.47,363.11,215.47222222222223
7760.0,442.72,215.44,362.95,215.44444444444446
7770.0,442.5,215.42,362.8,215.41666666666666
7780.0,442.28,215.39,362.65,215.38888888888889
7790.0,442.07,215.36,362.5,215.36111111111111
7800.0,441.85,215.33,362.34,215.33333333333334
7810.0,441.63,215.31,362.19,215.30555555555554
7820.0,441.41,215.28,362.04,215.27777777777777
7830.0,441.19,215.25,361.89,215.25
7840.0,440.98,215.22,361.74,215.22222222222223
7850.0,440.76,215.19,361.59,215.19444444444446
7860.0,440.54,215.17,361.43,215.16666666666666
7870.0,440.33,215.14,361.28,215.13888888888889
7880.0,440.11,215.11,361.13,215.11111111111111
7890.0,439.89,215.08,360.98,215.08333333333334
7900.0,439.68,215.06,360.83,215.05555555555554
7910.0,439.46,215.03,360.68,215.02777777777777
7920.0,439.24,215.0,360.53,215.0
7930.0,439.03,214.97,360.38,214.97222222222223
7940.0,438.81,214.94,360.23,214.94444444444446
7950.0,438.6,214.92,360.08,214.91666666666666
7960.0,438.38,214.89,359.93,214.88888888888889
7970.0,438.17,214.86,359.78,214.86111111111111
7980.0,437.95,214.83,359.63,214.83333333333334
7990.0,437.74,214.81,359.48,214.80555555555554
8000.0,437.52,214.78,359.33,214.77777777777777
8010.0,437.31,214.75,359.18,214.75
8020.0,437.09,214.72,359.03,214.72222222222223
8030.0,436.88,214.69,358.88,214.69444444444446
8040.0,436.66,214.67,358.73,214.66666666666666
8050.0,436.45,214.64,358.58,214.63888888888889
8060.0,436.24,214.61,358.43,214.61111111111111
8070.0,436.02,214.58,358.28,214.58333333333334
8080.0,435.81,214.56,358.14,214.55555555555554
8090.0,435.6,214.53,357.99,214.52777777777777
8100.0,435.38,214.5,357.84,214.5
8110.0,435.17,214.47,357.69,214.47222222222223
8120.0,434.96,214.44,357.54,214.44444444444446
8130.0,434.75,214.42,357.39,214.41666666666666
8140.0,434.53,214.39,357.25,214.38888888888889
8150.0,434.32,214.36,357.1,214.36111111111111
8160.0,434.11,214.33,356.95,214.33333333333334
8170.0,433.9,214.31,356.8,214.30555555555554
8180.0,433.69,214.28,356.66,214.27777777777777
8190.0,433.47,214.25,356.51,214.25
8200.0,433.26,214.22,356.36,214.22222222222223
8210.0,433.05,214.19,356.22,214.19444444444446
8220.0,432.84,214.17,356.07,214.16666666666666
8230.0,432.63,214.14,355.92,214.13888888888889
8240.0,432.42,214.11,355.77,214.11111111111111
8250.0,432.21,214.08,355.63,214.08333333333334
8260.0,432.0,214.06,355.48,214.05555555555554
8270.0,431.79,214.03,355.34,214.02777777777777
8280.0,431.58,214.0,355.19,214.0
8290.0,431.37,213.97,355.04,213.97222222222223
8300.0,431.16,213.94,354.9,213.94444444444446
8310.0,430.95,213.92,354.75,213.91666666666666
8320.0,430.74,213.89,354.61,213.88888888888889
8330.0,430.53,213.86,354.46,213.86111111111111
8340.0,430.32,213.83,354.31,213.83333333333334
8350.0,430.11,213.81,354.17,213.80555555555554
8360.0,429.91,213.78,354.02,213.77777777777777
8370.0,429.7,213.75,353.88,213.75
8380.0,429.49,213.72,353.73,213.72222222222223
8390.0,429.28,213.69,353.59,213.69444444444446
8400.0,429.07,213.67,353.44,213.66666666666666
8410.0,428.87,213.64,353.3,213.63888888888889
8420.0,428.66,213.61,353.15,213.61111111111111
8430.0,428.45,213.58,353.01,213.58333333333334
8440.0,428.24,213.56,352.87,213.55555555555554
8450.0,428.04,213.53,352.72,213.52777777777777
8460.0,427.83,213.5,352.58,213.5
8470.0,427.62,213.47,352.44,213.47222222222223
8480.0,427.42,213.44,352.29,213.44444444444446
8490.0,427.21,213.42,352.15,213.41666666666666
8500.0,427.0,213.39,352.0,213.38888888888889
8510.0,426.8,213.36,351.86,213.36111111111111
8520.0,426.59,213.33,351.71,213.33333333333334
8530.0,426.39,213.31,351.57,213.30555555555554
8540.0,426.18,213.28,351.43,213.27777777777777
8550.0,425.98,213.25,351.28,213.25
8560.0,425.77,213.22,351.14,213.22222222222223
8570.0,425.57,213.19,350.99,213.19444444444446
8580.0,425.36,213.17,350.85,213.16666666666666
8590.0,425.16,213.14,350.7,213.13888888888889
8600.0,424.95,213.11,350.56,213.11111111111111
8610.0,424.75,213.08,350.42,213.08333333333334
8620.0,424.54,213.06,350.27,213.05555555555554
8630.0,424.34,213.03,350.13,213.02777777777777
8640.0,424.13,213.0,349.98,213.0
8650.0,423.93,212.97,349.84,212.97222222222223
8660.0,423.73,212.94,349.7,212.94444444444446
8670.0,423.52,212.92,349.55,212.91666666666666
8680.0,423.32,212.89,349.41,212.88888888888889
8690.0,423.12,212.86,349.27,212.86111111111111
8700.0,422.91,212.83,349.12,212.83333333333334
8710.0,422.71,212.81,348.98,212.80555555555554
8720.0,422.51,212.78,348.84,212.77777777777777
8730.0,422.3,212.75,348.69,212.75
8740.0,422.1,212.72,348.55,212.72222222222223
8750.0,421.9,212.69,348.41,212.69444444444446
8760.0,421.69,212.67,348.26,212.66666666666666
8770.0,421.49,212.64,348.12,212.63888888888889
8780.0,421.29,212.61,347.98,212.61111111111111
8790.0,421.09,212.58,347.84,212.58333333333334
8800.0,420.88,212.56,347.69,212.55555555555554
8810.0,420.68,212.53,347.55,212.52777777777777
8820.0,420.48,212.5,347.41,212.5
8830.0,420.28,212.47,347.27,212.47222222222223
8840.0,420.08,212.44,347.12,212.44444444444446
8850.0,419.88,212.42,346.98,212.41666666666666
8860.0,419.67,212.39,346.84,212.38888888888889
8870.0,419.47,212.36,346.7,212.36111111111111
8880.0,419.27,212.33,346.56,212.33333333333334
8890.0,419.07,212.31,346.42,212.30555555555554
8900.0,418.87,212.28,346.28,212.27777777777777
8910.0,418.67,212.25,346.13,212.25
8920.0,418.47,212.22,345.99,212.22222222222223
8930.0,418.27,212.19,345.85,212.19444444444446
8940.0,418.07,212.17,345.71,212.16666666666666
8950.0,417.87,212.14,345.57,212.13888888888889
8960.0,417.67,212.11,345.43,212.11111111111111
8970.0,417.47,212.08,345.29,212.08333333333334
8980.0,417.27,212.06,345.15,212.05555555555554
8990.0,417.07,212.03,345.01,212.02777777777777
9000.0,416.87,212.0,344.87,212.0
9010.0,416.67,211.97,344.73,211.97222222222223
9020.0,416.47,211.94,344.59,211.94444444444446
9030.0,416.27,211.92,344.45,211.91666666666666
9040.0,416.07,211.89,344.31,211.88888888888889
9050.0,415.87,211.86,344.17,211.86111111111111
9060.0,415.67,211.83,344.03,211.83333333333334
9070.0,415.47,211.81,343.89,211.80555555555554
9080.0,415.27,211.78,343.75,211.77777777777777
9090.0,415.08,211.75,343.61,211.75
9100.0,414.88,211.72,343.47,211.72222222222223
9110.0,414.68,211.69,343.33,211.69444444444446
9120.0,414.48,211.67,343.19,211.66666666666666
9130.0,414.28,211.64,343.05,211.63888888888889
9140.0,414.09,211.61,342.92,211.61111111111111
9150.0,413.89,211.58,342.78,211.58333333333334
9160.0,413.69,211.56,342.64,211.55555555555554
9170.0,413.49,211.53,342.5,211.52777777777777
9180.0,413.3,211.5,342.36,211.5
9190.0,413.1,211.47,342.22,211.47222222222223
9200.0,412.9,211.44,342.09,211.44444444444446
9210.0,412.71,211.42,341.95,211.41666666666666
9220.0,412.51,211.39,341.81,211.38888888888889
9230.0,412.31,211.36,341.67,211.36111111111111
9240.0,412.12,211.33,341.54,211.33333333333334
9250.0,411.92,211.31,341.4,211.30555555555554
9260.0,411.73,211.28,341.26,211.27777777777777
9270.0,411.53,211.25,341.12,211.25
9280.0,411.33,211.22,340.99,211.22222222222223
9290.0,411.14,211.19,340.85,211.19444444444446
9300.0,410.94,211.17,340.71,211.16666666666666
9310.0,410.75,211.14,340.58,211.13888888888889
9320.0,410.55,211.11,340.44,211.11111111111111
9330.0,410.36,211.08,340.3,211.08333333333334
9340.0,410.16,211.06,340.17,211.05555555555554
9350.0,409.97,211.03,340.03,211.02777777777777
9360.0,409.77,211.0,339.89,211.0
9370.0,409.58,210.97,339.76,210.97222222222223
9380.0,409.39,210.94,339.62,210.94444444444446
9390.0,409.19,210.92,339.49,210.91666666666666
9400.0,409.0,210.89,339.35,210.88888888888889
9410.0,408.8,210.86,339.21,210.86111111111111
9420.0,408.61,210.83,339.08,210.83333333333334
9430.0,408.42,210.81,338.94,210.80555555555554
9440.0,408.22,210.78,338.81,210.77777777777777
9450.0,408.03,210.75,338.67,210.75
9460.0,407.84,210.72,338.54,210.72222222222223
9470.0,407.65,210.69,338.4,210.69444444444446
9480.0,407.45,210.67,338.27,210.66666666666666
9490.0,407.26,210.64,338.13,210.63888888888889
9500.0,407.07,210.61,338.0,210.61111111111111
9510.0,406.88,210.58,337.86,210.58333333333334
9520.0,406.68,210.56,337.73,210.55555555555554
9530.0,406.49,210.53,337.59,210.52777777777777
9540.0,406.3,210.5,337.46,210.5
9550.0,406.11,210.47,337.33,210.47222222222223
9560.0,405.92,210.44,337.19,210.44444444444446
9570.0,405.73,210.42,337.06,210.41666666666666
9580.0,405.54,210.39,336.92,210.38888888888889
9590.0,405.35,210.36,336.79,210.36111111111111
9600.0,405.15,210.33,336.66,210.33333333333334
9610.0,404.96,210.31,336.52,210.30555555555554
9620.0,404.77,210.28,336.39,210.27777777777777
9630.0,404.58,210.25,336.26,210.25
9640.0,404.39,210.22,336.12,210.22222222222223
9650.0,404.2,210.19,335.99,210.19444444444446
9660.0,404.01,210.17,335.86,210.16666666666666
9670.0,403.82,210.14,335.73,210.13888888888889
9680.0,403.63,210.11,335.59,210.11111111111111
9690.0,403.44,210.08,335.46,210.08333333333334
9700.0,403.26,210.06,335.33,210.05555555555554
9710.0,403.07,210.03,335.19,210.02777777777777
9720.0,402.88,210.0,335.06,210.0
9730.0,402.69,209.97,334.93,209.97222222222223
9740.0,402.5,209.94,334.8,209.94444444444446
9750.0,402.31,209.92,334.67,209.91666666666666
9760.0,402.12,209.89,334.53,209.88888888888889
9770.0,401.94,209.86,334.4,209.86111111111111
9780.0,401.75,209.83,334.27,209.83333333333334
9790.0,401.56,209.81,334.14,209.80555555555554
9800.0,401.37,209.78,334.01,209.77777777777777
9810.0,401.18,209.75,333.88,209.75
9820.0,401.0,209.72,333.75,209.72222222222223
9830.0,400.81,209.69,333.61,209.69444444444446
9840.0,400.62,209.67,333.48,209.66666666666666
9850.0,400.44,209.64,333.35,209.63888888888889
9860.0,400.25,209.61,333.22,209.61111111111111
9870.0,400.06,209.58,333.09,209.58333333333334
9880.0,399.88,209.56,332.96,209.55555555555554
9890.0,399.69,209.53,332.83,209.52777777777777
9900.0,399.5,209.5,332.7,209.5
9910.0,399.32,209.47,332.57,209.47222222222223
9920.0,399.13,209.44,332.44,209.44444444444446
9930.0,398.95,209.42,332.31,209.41666666666666
9940.0,398.76,209.39,332.18,209.38888888888889
9950.0,398.58,209.36,332.05,209.36111111111111
9960.0,398.39,209.33,331.92,209.33333333333334
9970.0,398.21,209.31,331.79,209.30555555555554
9980.0,398.02,209.28,331.66,209.27777777777777
9990.0,397.84,209.25,331.53,209.25
10000.0,397.65,209.22,331.4,209.22222222222223
10010.0,397.47,209.19,331.27,209.19444444444446
10020.0,397.28,209.17,331.14,209.16666666666666
10030.0,397.1,209.14,331.01,209.13888888888889
10040.0,396.91,209.11,330.88,209.11111111111111
10050.0,396.73,209.08,330.76,209.08333333333334
10060.0,396.55,209.06,330.63,209.05555555555554
10070.0,396.36,209.03,330.5,209.02777777777777
10080.0,396.18,209.0,330.37,209.0
10090.0,396.0,208.97,330.24,208.97222222222223
10100.0,395.81,208.94,330.11,208.94444444444446
10110.0,395.63,208.92,329.98,208.91666666666666
10120.0,395.45,208.89,329.86,208.88888888888889
10130.0,395.27,208.86,329.73,208.86111111111111
10140.0,395.08,208.83,329.6,208.83333333333334
10150.0,394.9,208.81,329.47,208.80555555555554
10160.0,394.72,208.78,329.34,208.77777777777777
10170.0,394.54,208.75,329.22,208.75
10180.0,394.36,208.72,329.09,208.72222222222223
10190.0,394.17,208.69,328.96,208.69444444444446
10200.0,393.99,208.67,328.83,208.66666666666666
10210.0,393.81,208.64,328.71,208.63888888888889
10220.0,393.63,208.61,328.58,208.61111111111111
10230.0,393.45,208.58,328.45,208.58333333333334
10240.0,393.27,208.56,328.33,208.55555555555554
10250.0,393.09,208.53,328.2,208.52777777777777
10260.0,392.91,208.5,328.07,208.5
10270.0,392.73,208.47,327.95,208.47222222222223
10280.0,392.55,208.44,327.82,208.44444444444446
10290.0,392.37,208.42,327.69,208.41666666666666
10300.0,392.19,208.39,327.57,208.38888888888889
10310.0,392.01,208.36,327.44,208.36111111111111
10320.0,391.83,208.33,327.31,208.33333333333334
10330.0,391.65,208.31,327.19,208.30555555555554
10340.0,391.47,208.28,327.06,208.27777777777777
10350.0,391.29,208.25,326.94,208.25
10360.0,391.11,208.22,326.81,208.22222222222223
10370.0,390.93,208.19,326.69,208.19444444444446
10380.0,390.75,208.17,326.56,208.16666666666666
10390.0,390.57,208.14,326.43,208.13888888888889
10400.0,390.39,208.11,326.31,208.11111111111111
10410.0,390.21,208.08,326.18,208.08333333333334
10420.0,390.04,208.06,326.06,208.05555555555554
10430.0,389.86,208.03,325.93,208.02777777777777
10440.0,389.68,208.0,325.81,208.0
10450.0,389.5,207.97,325.68,207.97222222222223
10460.0,389.33,207.94,325.56,207.94444444444446
10470.0,389.15,207.92,325.43,207.91666666666666
10480.0,388.97,207.89,325.31,207.88888888888889
10490.0,388.79,207.86,325.19,207.86111111111111
10500.0,388.62,207.83,325.06,207.83333333333334
10510.0,388.44,207.81,324.94,207.80555555555554
10520.0,388.26,207.78,324.81,207.77777777777777
10530.0,388.09,207.75,324.69,207.75
10540.0,387.91,207.72,324.56,207.72222222222223
10550.0,387.73,207.69,324.44,207.69444444444446
10560.0,387.56,207.67,324.32,207.66666666666666
10570.0,387.38,207.64,324.19,207.63888888888889
10580.0,387.2,207.61,324.07,207.61111111111111
10590.0,387.03,207.58,323.95,207.58333333333334
10600.0,386.85,207.56,323.82,207.55555555555554
10610.0,386.68,207.53,323.7,207.52777777777777
10620.0,386.5,207.5,323.58,207.5
10630.0,386.33,207.47,323.45,207.47222222222223
10640.0,386.15,207.44,323.33,207.44444444444446
10650.0,385.98,207.42,323.21,207.41666666666666
10660.0,385.8,207.39,323.08,207.38888888888889
10670.0,385.63,207.36,322.96,207.36111111111111
10680.0,385.45,207.33,322.84,207.33333333333334
10690.0,385.28,207.31,322.72,207.30555555555554
10700.0,385.11,207.28,322.59,207.27777777777777
10710.0,384.93,207.25,322.47,207.25
10720.0,384.76,207.22,322.35,207.22222222222223
10730.0,384.58,207.19,322.23,207.19444444444446
10740.0,384.41,207.17,322.1,207.16666666666666
10750.0,384.24,207.14,321.98,207.13888888888889
10760.0,384.06,207.11,321.86,207.11111111111111
10770.0,383.89,207.08,321.74,207.08333333333334
10780.0,383.72,207.06,321.62,207.05555555555554
10790.0,383.54,207.03,321.5,207.02777777777777
10800.0,383.37,207.0,321.37,207.0
10810.0,383.2,206.97,321.25,206.97222222222223
10820.0,383.02,206.94,321.13,206.94444444444446
10830.0,382.84,206.92,321.01,206.91666666666666
10840.0,382.67,206.89,320.89,206.88888888888889
10850.0,382.49,206.86,320.77,206.86111111111111
10860.0,382.31,206.83,320.65,206.83333333333334
10870.0,382.14,206.81,320.53,206.80555555555554
10880.0,381.96,206.78,320.4,206.77777777777777
10890.0,381.79,206.75,320.28,206.75
10900.0,381.61,206.72,320.16,206.72222222222223
10910.0,381.44,206.69,320.04,206.69444444444446
10920.0,381.26,206.67,319.92,206.66666666666666
10930.0,381.08,206.64,319.8,206.63888888888889
10940.0,380.91,206.61,319.67,206.61111111111111
10950.0,380.73,206.58,319.55,206.58333333333334
10960.0,380.56,206.56,319.43,206.55555555555554
10970.0,380.38,206.53,319.31,206.52777777777777
10980.0,380.21,206.5,319.19,206.5
10990.0,380.03,206.47,319.07,206.47222222222223
11000.0,379.86,206.44,318.94,206.44444444444446
11010.0,379.68,206.42,318.82,206.41666666666666
11020.0,379.51,206.39,318.7,206.38888888888889
11030.0,379.33,206.36,318.58,206.36111111111111
11040.0,379.16,206.33,318.46,206.33333333333334
11050.0,378.98,206.31,318.34,206.30555555555554
11060.0,378.81,206.28,318.22,206.27777777777777
11070.0,378.63,206.25,318.1,206.25
11080.0,378.46,206.22,317.97,206.22222222222223
11090.0,378.28,206.19,317.85,206.19444444444446
11100.0,378.11,206.17,317.73,206.16666666666666
11110.0,377.94,206.14,317.61,206.13888888888889
11120.0,377.76,206.11,317.49,206.11111111111111
11130.0,377.59,206.08,317.37,206.08333333333334
11140.0,377.42,206.06,317.25,206.05555555555554
11150.0,377.24,206.03,317.13,206.02777777777777
11160.0,377.07,206.0,317.01,206.0
11170.0,376.89,205.97,316.89,205.97222222222223
11180.0,376.72,205.94,316.77,205.94444444444446
11190.0,376.55,205.92,316.65,205.91666666666666
11200.0,376.38,205.89,316.53,205.88888888888889
11210.0,376.2,205.86,316.41,205.86111111111111
11220.0,376.03,205.83,316.29,205.83333333333334
11230.0,375.86,205.81,316.17,205.80555555555554
11240.0,375.69,205.78,316.05,205.77777777777777
11250.0,375.51,205.75,315.93,205.75
11260.0,375.34,205.72,315.81,205.72222222222223
11270.0,375.17,205.69,315.69,205.69444444444446
11280.0,375.0,205.67,315.57,205.66666666666666
11290.0,374.83,205.64,315.45,205.63888888888889
11300.0,374.66,205.61,315.33,205.61111111111111
11310.0,374.48,205.58,315.21,205.58333333333334
11320.0,374.31,205.56,315.09,205.55555555555554
11330.0,374.14,205.53,314.97,205.52777777777777
11340.0,373.97,205.5,314.85,205.5
11350.0,373.8,205.47,314.73,205.47222222222223
11360.0,373.63,205.44,314.62,205.44444444444446
11370.0,373.46,205.42,314.5,205.41666666666666
11380.0,373.29,205.39,314.38,205.38888888888889
11390.0,373.12,205.36,314.26,205.36111111111111
11400.0,372.95,205.33,314.14,205.33333333333334
11410.0,372.78,205.31,314.02,205.30555555555554
11420.0,372.61,205.28,313.9,205.27777777777777
11430.0,372.44,205.25,313.79,205.25
11440.0,372.27,205.22,313.67,205.22222222222223
11450.0,372.1,205.19,313.55,205.19444444444446
11460.0,371.93,205.17,313.43,205.16666666666666
11470.0,371.76,205.14,313.31,205.13888888888889
11480.0,371.59,205.11,313.2,205.11111111111111
11490.0,371.43,205.08,313.08,205.08333333333334
11500.0,371.26,205.06,312.96,205.05555555555554
11510.0,371.09,205.03,312.84,205.02777777777777
11520.0,370.92,205.0,312.72,205.0
11530.0,370.75,204.97,312.61,204.97222222222223
11540.0,370.58,204.94,312.49,204.94444444444446
11550.0,370.42,204.92,312.37,204.91666666666666
11560.0,370.25,204.89,312.25,204.88888888888889
11570.0,370.08,204.86,312.14,204.86111111111111
11580.0,369.91,204.83,312.02,204.83333333333334
11590.0,369.75,204.81,311.9,204.80555555555554
11600.0,369.58,204.78,311.79,204.77777777777777
11610.0,369.41,204.75,311.67,204.75
11620.0,369.25,204.72,311.55,204.72222222222223
11630.0,369.08,204.69,311.44,204.69444444444446
11640.0,368.91,204.67,311.32,204.66666666666666
11650.0,368.75,204.64,311.2,204.63888888888889
11660.0,368.58,204.61,311.09,204.61111111111111
11670.0,368.42,204.58,310.97,204.58333333333334
11680.0,368.25,204.56,310.85,204.55555555555554
11690.0,368.08,204.53,310.74,204.52777777777777
11700.0,367.92,204.5,310.62,204.5
11710.0,367.75,204.47,310.51,204.47222222222223
11720.0,367.59,204.44,310.39,204.44444444444446
11730.0,367.42,204.42,310.27,204.41666666666666
11740.0,367.26,204.39,310.16,204.38888888888889
11750.0,367.09,204.36,310.04,204.36111111111111
11760.0,366.93,204.33,309.93,204.33333333333334
11770.0,366.77,204.31,309.81,204.30555555555554
11780.0,366.6,204.28,309.7,204.27777777777777
11790.0,366.44,204.25,309.58,204.25
11800.0,366.27,204.22,309.46,204.22222222222223
11810.0,366.11,204.19,309.35,204.19444444444446
11820.0,365.95,204.17,309.23,204.16666666666666
11830.0,365.78,204.14,309.12,204.13888888888889
11840.0,365.62,204.11,309.0,204.11111111111111
11850.0,365.46,204.08,308.89,204.08333333333334
11860.0,365.29,204.06,308.77,204.05555555555554
11870.0,365.13,204.03,308.66,204.02777777777777
11880.0,364.97,204.0,308.55,204.0
11890.0,364.8,203.97,308.43,203.97222222222223
11900.0,364.64,203.94,308.32,203.94444444444446
11910.0,364.48,203.92,308.2,203.91666666666666
11920.0,364.32,203.89,308.09,203.88888888888889
11930.0,364.15,203.86,307.97,203.86111111111111
11940.0,363.99,203.83,307.86,203.83333333333334
11950.0,363.83,203.81,307.75,203.80555555555554
11960.0,363.67,203.78,307.63,203.77777777777777
11970.0,363.51,203.75,307.52,203.75
11980.0,363.35,203.72,307.4,203.72222222222223
11990.0,363.19,203.69,307.29,203.69444444444446
12000.0,363.02,203.67,307.18,203.66666666666666
12010.0,362.86,203.64,307.06,203.63888888888889
12020.0,362.7,203.61,306.95,203.61111111111111
12030.0,362.54,203.58,306.84,203.58333333333334
12040.0,362.38,203.56,306.72,203.55555555555554
12050.0,362.22,203.53,306.61,203.52777777777777
12060.0,362.06,203.5,306.5,203.5
12070.0,361.9,203.47,306.38,203.47222222222223
12080.0,361.74,203.44,306.27,203.44444444444446
12090.0,361.58,203.42,306.16,203.41666666666666
12100.0,361.42,203.39,306.05,203.38888888888889
12110.0,361.26,203.36,305.93,203.36111111111111
12120.0,361.1,203.33,305.82,203.33333333333334
12130.0,360.94,203.31,305.71,203.30555555555554
12140.0,360.78,203.28,305.6,203.27777777777777
12150.0,360.63,203.25,305.48,203.25
12160.0,360.47,203.22,305.37,203.22222222222223
12170.0,360.31,203.19,305.26,203.19444444444446
12180.0,360.15,203.17,305.15,203.16666666666666
12190.0,359.99,203.14,305.04,203.13888888888889
12200.0,359.83,203.11,304.92,203.11111111111111
12210.0,359.68,203.08,304.81,203.08333333333334
12220.0,359.52,203.06,304.7,203.05555555555554
12230.0,359.36,203.03,304.59,203.02777777777777
12240.0,359.2,203.0,304.48,203.0
12250.0,359.04,202.97,304.37,202.97222222222223
12260.0,358.89,202.94,304.25,202.94444444444446
12270.0,358.73,202.92,304.14,202.91666666666666
12280.0,358.57,202.89,304.03,202.88888888888889
12290.0,358.42,202.86,303.92,202.86111111111111
12300.0,358.26,202.83,303.81,202.83333333333334
12310.0,358.1,202.81,303.7,202.80555555555554
12320.0,357.95,202.78,303.59,202.77777777777777
12330.0,357.79,202.75,303.48,202.75
12340.0,357.63,202.72,303.37,202.72222222222223
12350.0,357.48,202.69,303.26,202.69444444444446
12360.0,357.32,202.67,303.15,202.66666666666666
12370.0,357.16,202.64,303.04,202.63888888888889
12380.0,357.01,202.61,302.92,202.61111111111111
12390.0,356.85,202.58,302.81,202.58333333333334
12400.0,356.7,202.56,302.7,202.55555555555554
12410.0,356.54,202.53,302.59,202.52777777777777
12420.0,356.39,202.5,302.48,202.5
12430.0,356.23,202.47,302.37,202.47222222222223
12440.0,356.08,202.44,302.26,202.44444444444446
12450.0,355.92,202.42,302.15,202.41666666666666
12460.0,355.77,202.39,302.05,202.38888888888889
12470.0,355.61,202.36,301.94,202.36111111111111
12480.0,355.46,202.33,301.83,202.33333333333334
12490.0,355.3,202.31,301.72,202.30555555555554
12500.0,355.15,202.28,301.61,202.27777777777777
12510.0,355.0,202.25,301.5,202.25
12520.0,354.84,202.22,301.39,202.22222222222223
12530.0,354.69,202.19,301.28,202.19444444444446
12540.0,354.54,202.17,301.17,202.16666666666666
12550.0,354.38,202.14,301.06,202.13888888888889
12560.0,354.23,202.11,300.95,202.11111111111111
12570.0,354.08,202.08,300.84,202.08333333333334
12580.0,353.92,202.06,300.74,202.05555555555554
12590.0,353.77,202.03,300.63,202.02777777777777
12600.0,353.62,202.0,300.52,202.0
12610.0,353.46,201.97,300.41,201.97222222222223
12620.0,353.31,201.94,300.3,201.94444444444446
12630.0,353.16,201.92,300.19,201.91666666666666
12640.0,353.01,201.89,300.08,201.88888888888889
12650.0,352.85,201.86,299.98,201.86111111111111
12660.0,352.7,201.83,299.87,201.83333333333334
12670.0,352.55,201.81,299.76,201.80555555555554
12680.0,352.4,201.78,299.65,201.77777777777777
12690.0,352.25,201.75,299.55,201.75
12700.0,352.1,201.72,299.44,201.72222222222223
12710.0,351.94,201.69,299.33,201.69444444444446
12720.0,351.79,201.67,299.22,201.66666666666666
12730.0,351.64,201.64,299.11,201.63888888888889
12740.0,351.49,201.61,299.01,201.61111111111111
12750.0,351.34,201.58,298.9,201.58333333333334
12760.0,351.19,201.56,298.79,201.55555555555554
12770.0,351.04,201.53,298.69,201.52777777777777
12780.0,350.89,201.5,298.58,201.5
12790.0,350.74,201.47,298.47,201.47222222222223
12800.0,350.59,201.44,298.36,201.44444444444446
12810.0,350.44,201.42,298.26,201.41666666666666
12820.0,350.29,201.39,298.15,201.38888888888889
12830.0,350.14,201.36,298.04,201.36111111111111
12840.0,349.99,201.33,297.94,201.33333333333334
12850.0,349.84,201.31,297.83,201.30555555555554
12860.0,349.69,201.28,297.72,201.27777777777777
12870.0,349.54,201.25,297.62,201.25
12880.0,349.39,201.22,297.51,201.22222222222223
12890.0,349.24,201.19,297.41,201.19444444444446
12900.0,349.09,201.17,297.3,201.16666666666666
12910.0,348.94,201.14,297.19,201.13888888888889
12920.0,348.8,201.11,297.09,201.11111111111111
12930.0,348.65,201.08,296.98,201.08333333333334
12940.0,348.5,201.06,296.88,201.05555555555554
12950.0,348.35,201.03,296.77,201.02777777777777
12960.0,348.2,201.0,296.67,201.0
12970.0,348.05,200.97,296.56,200.97222222222223
12980.0,347.91,200.94,296.45,200.94444444444446
12990.0,347.76,200.92,296.35,200.91666666666666
13000.0,347.61,200.89,296.24,200.88888888888889
13010.0,347.46,200.86,296.14,200.86111111111111
13020.0,347.32,200.83,296.03,200.83333333333334
13030.0,347.17,200.81,295.93,200.80555555555554
13040.0,347.02,200.78,295.82,200.77777777777777
13050.0,346.87,200.75,295.72,200.75
13060.0,346.73,200.72,295.61,200.72222222222223
13070.0,346.58,200.69,295.51,200.69444444444446
13080.0,346.43,200.67,295.4,200.66666666666666
13090.0,346.29,200.64,295.3,200.63888888888889
13100.0,346.14,200.61,295.19,200.61111111111111
13110.0,345.99,200.58,295.09,200.58333333333334
13120.0,345.85,200.56,294.99,200.55555555555554
13130.0,345.7,200.53,294.88,200.52777777777777
13140.0,345.56,200.5,294.78,200.5
13150.0,345.41,200.47,294.67,200.47222222222223
13160.0,345.26,200.44,294.57,200.44444444444446
13170.0,345.12,200.42,294.47,200.41666666666666
13180.0,344.97,200.39,294.36,200.38888888888889
13190.0,344.83,200.36,294.26,200.36111111111111
13200.0,344.68,200.33,294.15,200.33333333333334
13210.0,344.54,200.31,294.05,200.30555555555554
13220.0,344.39,200.28,293.95,200.27777777777777
13230.0,344.25,200.25,293.84,200.25
13240.0,344.1,200.22,293.74,200.22222222222223
13250.0,343.96,200.19,293.64,200.19444444444446
13260.0,343.81,200.17,293.53,200.16666666666666
13270.0,343.67,200.14,293.43,200.13888888888889
13280.0,343.53,200.11,293.33,200.11111111111111
13290.0,343.38,200.08,293.22,200.08333333333334
13300.0,343.24,200.06,293.12,200.05555555555554
13310.0,343.09,200.03,293.02,200.02777777777777
13320.0,342.95,200.0,292.91,200.0
13330.0,342.81,199.97,292.81,199.97222222222223
13340.0,342.66,199.94,292.71,199.94444444444446
13350.0,342.52,199.92,292.61,199.91666666666666
13360.0,342.38,199.89,292.5,199.88888888888889
13370.0,342.23,199.86,292.4,199.86111111111111
13380.0,342.09,199.83,292.3,199.83333333333334
13390.0,341.95,199.81,292.2,199.80555555555554
13400.0,341.8,199.78,292.1,199.77777777777777
13410.0,341.66,199.75,291.99,199.75
13420.0,341.52,199.72,291.89,199.72222222222223
13430.0,341.38,199.69,291.79,199.69444444444446
13440.0,341.23,199.67,291.69,199.66666666666666
13450.0,341.09,199.64,291.59,199.63888888888889
13460.0,340.95,199.61,291.48,199.61111111111111
13470.0,340.81,199.58,291.38,199.58333333333334
13480.0,340.67,199.56,291.28,199.55555555555554
13490.0,340.52,199.53,291.18,199.52777777777777
13500.0,340.38,199.5,291.08,199.5
13510.0,340.24,199.47,290.98,199.47222222222223
13520.0,340.1,199.44,290.87,199.44444444444446
13530.0,339.96,199.42,290.77,199.41666666666666
13540.0,339.82,199.39,290.67,199.38888888888889
13550.0,339.68,199.36,290.57,199.36111111111111
13560.0,339.54,199.33,290.47,199.33333333333334
13570.0,339.4,199.31,290.37,199.30555555555554
13580.0,339.25,199.28,290.27,199.27777777777777
13590.0,339.11,199.25,290.17,199.25
13600.0,338.97,199.22,290.07,199.22222222222223
13610.0,338.83,199.19,289.97,199.19444444444446
13620.0,338.69,199.17,289.87,199.16666666666666
13630.0,338.55,199.14,289.77,199.13888888888889
13640.0,338.41,199.11,289.67,199.11111111111111
13650.0,338.27,199.08,289.56,199.08333333333334
13660.0,338.13,199.06,289.46,199.05555555555554
13670.0,337.99,199.03,289.36,199.02777777777777
13680.0,337.85,199.0,289.26,199.0
13690.0,337.7,198.97,289.16,198.97222222222223
13700.0,337.55,198.94,289.06,198.94444444444446
13710.0,337.4,198.92,288.96,198.91666666666666
13720.0,337.26,198.89,288.86,198.88888888888889
13730.0,337.11,198.86,288.76,198.86111111111111
13740.0,336.96,198.83,288.66,198.83333333333334
13750.0,336.82,198.81,288.56,198.80555555555554
13760.0,336.67,198.78,288.46,198.77777777777777
13770.0,336.52,198.75,288.36,198.75
13780.0,336.38,198.72,288.26,198.72222222222223
13790.0,336.23,198.69,288.16,198.69444444444446
13800.0,336.08,198.67,288.05,198.66666666666666
13810.0,335.94,198.64,287.95,198.63888888888889
13820.0,335.79,198.61,287.85,198.61111111111111
13830.0,335.65,198.58,287.75,198.58333333333334
13840.0,335.5,198.56,287.65,198.55555555555554
13850.0,335.36,198.53,287.55,198.52777777777777
13860.0,335.21,198.5,287.45,198.5
13870.0,335.07,198.47,287.35,198.47222222222223
13880.0,334.92,198.44,287.25,198.44444444444446
13890.0,334.78,198.42,287.15,198.41666666666666
13900.0,334.63,198.39,287.05,198.38888888888889
13910.0,334.49,198.36,286.95,198.36111111111111
13920.0,334.34,198.33,286.85,198.33333333333334
13930.0,334.2,198.31,286.75,198.30555555555554
13940.0,334.06,198.28,286.65,198.27777777777777
13950.0,333.91,198.25,286.55,198.25
13960.0,333.77,198.22,286.44,198.22222222222223
13970.0,333.63,198.19,286.34,198.19444444444446
13980.0,333.48,198.17,286.24,198.16666666666666
13990.0,333.34,198.14,286.14,198.13888888888889
14000.0,333.2,198.11,286.04,198.11111111111111
14010.0,333.05,198.08,285.94,198.08333333333334
14020.0,332.91,198.06,285.84,198.05555555555554
14030.0,332.77,198.03,285.74,198.02777777777777
14040.0,332.63,198.0,285.64,198.0
14050.0,332.48,197.97,285.54,197.97222222222223
14060.0,332.34,197.94,285.45,197.94444444444446
14070.0,332.2,197.92,285.35,197.91666666666666
14080.0,332.06,197.89,285.25,197.88888888888889
14090.0,331.92,197.86,285.15,197.86111111111111
14100.0,331.77,197.83,285.05,197.83333333333334
14110.0,331.63,197.81,284.95,197.80555555555554
14120.0,331.49,197.78,284.85,197.77777777777777
14130.0,331.35,197.75,284.75,197.75
14140.0,331.21,197.72,284.65,197.72222222222223
14150.0,331.07,197.69,284.55,197.69444444444446
14160.0,330.93,197.67,284.45,197.66666666666666
14170.0,330.79,197.64,284.35,197.63888888888889
14180.0,330.65,197.61,284.25,197.61111111111111
14190.0,330.51,197.58,284.15,197.58333333333334
14200.0,330.37,197.56,284.05,197.55555555555554
14210.0,330.23,197.53,283.96,197.52777777777777
14220.0,330.09,197.5,283.86,197.5
14230.0,329.95,197.47,283.76,197.47222222222223
14240.0,329.81,197.44,283.66,197.44444444444446
14250.0,329.67,197.42,283.56,197.41666666666666
14260.0,329.53,197.39,283.46,197.38888888888889
14270.0,329.39,197.36,283.36,197.36111111111111
14280.0,329.25,197.33,283.27,197.33333333333334
14290.0,329.11,197.31,283.17,197.30555555555554
14300.0,328.97,197.28,283.07,197.27777777777777
14310.0,328.83,197.25,282.97,197.25
14320.0,328.69,197.22,282.87,197.22222222222223
14330.0,328.56,197.19,282.77,197.19444444444446
14340.0,328.42,197.17,282.68,197.16666666666666
14350.0,328.28,197.14,282.58,197.13888888888889
14360.0,328.14,197.11,282.48,197.11111111111111
14370.0,328.0,197.08,282.38,197.08333333333334
14380.0,327.87,197.06,282.29,197.05555555555554
14390.0,327.73,197.03,282.19,197.02777777777777
14400.0,327.59,197.0,282.09,197.0
